SMPLID	Mophological.cluster.G4_0	Mophological.cluster.G4_1	Mophological.cluster.G4_2	Mophological.cluster.G4_3	Mophological.cluster.G4_4	Mophological.cluster.G4_5	Mophological.cluster.G4_6	Mophological.cluster.G4_7	Mophological.cluster.G4_8	Mophological.cluster.G4_9	Mophological.cluster.G4_10	Mophological.cluster.G4_11	Mophological.cluster.G4_12	Mophological.cluster.G4_13	Mophological.cluster.G4_14	Mophological.cluster.G4_15	Mophological.cluster.G4_16	Mophological.cluster.G4_17	Mophological.cluster.G4_18	Mophological.cluster.G4_19	Mophological.cluster.G4_20	Mophological.cluster.G4_21	Mophological.cluster.G4_22	Mophological.cluster.G4_23	Mophological.cluster.G4_24	Mophological.cluster.G4_25	Mophological.cluster.G4_26	Mophological.cluster.G4_27	Mophological.cluster.G4_28	Mophological.cluster.G4_29	Mophological.cluster.G4_30	Mophological.cluster.G4_31
GTEX.1117F.0426	15	10	20	317	263	429	47	308	9	10	31	293	258	636	57	107	1	106	250	12	2	219	38	169	3	0	137	0	5	218	3	89
GTEX.111CU.2026	483	789	232	188	239	56	2982	149	414	552	627	733	42	44	350	187	840	168	991	166	183	51	187	464	564	549	244	1578	637	827	118	238
GTEX.111FC.0326	313	354	49	67	25	176	121	236	127	310	100	72	48	54	193	148	567	63	35	15	137	59	82	342	764	508	106	202	36	228	646	399
GTEX.111VG.2626	99	200	73	409	238	304	36	418	1002	1224	50	809	1042	263	153	247	250	174	71	135	4412	241	64	671	215	49	235	52	23	2692	397	317
GTEX.111YS.2326	440	147	39	98	61	148	32	447	92	300	149	173	230	327	257	36	120	32	64	19	33	38	66	199	21	67	67	20	117	105	386	96
GTEX.1122O.2426	362	434	87	324	142	111	1482	45	72	232	627	421	169	230	59	72	169	41	327	4	803	83	149	179	417	319	154	1119	400	1178	797	785
GTEX.1128S.2426	355	295	133	42	31	120	31	229	1142	557	171	100	384	127	155	113	448	200	22	125	669	33	78	462	450	423	467	193	114	271	500	285
GTEX.113JC.2726	772	653	288	99	44	269	8	304	2326	1201	137	250	146	48	1523	97	955	54	20	8	134	49	231	1468	174	507	196	31	319	53	361	36
GTEX.117XS.2526	301	373	212	578	138	96	164	604	284	488	176	196	2445	413	203	122	285	324	54	122	897	46	19	279	639	641	345	284	379	589	332	611
GTEX.117YW.2426	779	387	14	97	12	93	15	183	490	990	119	83	580	139	776	62	490	116	51	145	213	27	144	203	111	191	267	91	749	82	81	83
GTEX.117YX.2526	455	155	97	109	683	176	759	335	47	33	1045	281	101	228	343	229	64	72	455	1	32	163	205	49	52	71	18	515	1413	255	90	190
GTEX.1192X.0426	474	139	18	116	27	98	1001	86	27	29	715	264	92	533	96	59	2	213	2064	85	71	128	870	51	3	15	337	129	1936	276	29	95
GTEX.11DXW.0726	353	208	108	508	153	358	120	394	533	514	302	140	614	401	256	319	95	161	163	39	175	91	93	446	5	84	103	62	40	202	826	62
GTEX.11DXX.2726	675	309	121	126	202	515	274	117	1043	495	321	649	117	301	654	266	268	278	443	141	11	228	504	1005	4	104	510	111	1308	239	380	60
GTEX.11DXY.2726	28	419	28	190	51	114	2	854	619	1023	5	311	463	67	523	74	39	44	29	2	19	30	27	635	17	6	45	3	53	65	46	4
GTEX.11DXZ.2426	63	35	9	471	137	177	13	551	190	72	23	311	857	918	184	51	36	113	126	68	0	32	20	250	0	0	200	0	75	78	876	11
GTEX.11DZ1.0926	26	77	13	15	30	1949	6	100	196	4	8	270	8	154	386	77	13	160	468	100	44	510	1012	899	38	0	243	2	9	457	69	233
GTEX.11EI6.0326	256	364	85	16	61	215	236	73	301	142	58	135	15	55	489	88	1208	153	27	98	50	34	81	744	1470	234	301	406	87	320	139	1069
GTEX.11EM3.2126	40	250	45	733	142	55	21	768	378	228	70	203	558	138	80	88	226	198	24	191	199	21	3	328	203	44	127	71	14	230	777	134
GTEX.11EMC.2626	94	315	99	228	179	858	29	327	1529	269	42	492	101	518	648	398	71	439	215	249	334	239	371	2854	176	3	442	2	203	728	762	236
GTEX.11EQ8.0526	539	88	532	0	92	91	42	110	12	122	371	373	35	84	76	388	9	336	922	193	7	313	5225	127	11	31	122	15	417	29	13	69
GTEX.11EQ9.2126	590	181	27	62	18	53	741	55	85	47	677	143	29	146	81	31	17	50	528	25	43	33	127	117	9	28	36	37	827	194	85	89
GTEX.11GS4.2526	192	364	164	157	112	329	30	1017	341	1841	38	666	355	71	226	269	298	278	40	154	2399	84	425	518	33	1166	296	223	595	392	3762	28
GTEX.11GSO.2526	99	395	76	807	144	314	411	172	1953	504	71	382	131	142	876	141	639	183	79	92	117	84	91	1891	754	35	187	744	1329	504	76	433
GTEX.11GSP.2726	37	79	5	1237	95	213	56	435	249	157	52	398	521	500	122	85	33	89	145	21	42	68	24	304	5	2	120	25	8	219	1099	118
GTEX.11H98.0326	7	26	14	68	167	412	2	155	9	1	6	560	27	464	59	42	0	69	744	16	0	172	403	245	0	0	93	0	1	140	5	16
GTEX.11I78.2426	346	410	102	501	84	48	1043	157	421	416	686	249	222	108	108	40	204	80	271	54	171	37	61	356	460	112	152	506	1177	453	250	211
GTEX.11LCK.1226	385	502	63	7	35	84	130	43	998	794	172	102	67	33	221	11	729	73	20	50	176	7	69	607	706	564	139	333	381	157	29	177
GTEX.11NSD.2026	677	216	26	1	3	17	12	52	272	267	159	19	40	18	86	31	259	21	10	4	56	5	24	47	50	287	28	88	75	22	134	45
GTEX.11NUK.0226	133	605	95	551	25	40	8	875	245	1332	56	137	420	63	198	13	37	27	50	3	671	20	27	210	40	52	84	30	653	257	183	22
GTEX.11NV4.0326	409	276	28	122	11	61	19	113	275	621	89	41	402	69	389	64	401	58	10	11	114	33	18	121	412	298	70	106	146	93	10	192
GTEX.11O72.0326	1	31	481	508	126	1105	0	334	30	10	0	131	6	479	133	214	15	843	408	745	4	713	89	73	24	1	663	0	2	52	386	46
GTEX.11OC5.0326	309	236	25	102	29	249	8	331	473	441	87	264	1029	430	421	46	44	82	62	26	6	65	248	998	11	7	136	0	676	138	16	77
GTEX.11OF3.2526	1225	746	128	230	70	142	206	250	524	729	408	212	194	83	986	332	1973	246	90	287	71	30	199	565	1082	606	409	739	417	272	34	732
GTEX.11ONC.2426	118	318	189	1654	353	128	132	1416	89	178	149	593	1523	1091	79	306	65	217	353	126	888	175	116	94	25	150	224	590	943	568	1432	117
GTEX.11P7K.1926	1065	262	37	5	37	123	736	106	117	161	569	218	266	432	205	37	43	10	263	0	63	70	440	230	57	62	16	77	1087	437	160	509
GTEX.11P81.2526	415	244	19	1	15	4	250	11	0	82	557	20	94	17	16	0	88	7	21	5	144	2	8	2	227	700	54	725	90	81	80	269
GTEX.11P82.1826	946	216	40	5	5	75	364	65	35	131	571	62	15	130	70	16	296	34	104	35	404	24	185	74	48	658	51	1100	98	160	1603	119
GTEX.11PRG.0326	337	252	24	56	97	28	464	78	659	254	130	89	34	60	74	137	330	218	59	266	194	26	51	240	273	111	356	1149	376	330	117	363
GTEX.11TT1.2326	128	645	77	1408	162	43	86	551	1618	786	259	226	811	86	151	67	855	87	45	23	359	14	9	516	506	102	154	323	152	265	660	367
GTEX.11TTK.0326	69	18	259	75	45	1133	6	204	76	15	97	66	39	1087	169	255	7	421	602	247	20	658	153	119	0	0	292	0	1	55	317	19
GTEX.11TUW.2526	308	483	160	288	155	104	69	478	357	2372	102	268	2439	151	497	326	782	94	38	4	431	49	104	219	374	1828	100	516	2172	260	240	126
GTEX.11UD1.0326	142	140	32	1	127	1303	0	24	142	85	15	50	94	20	2645	108	307	231	2	219	3	157	8	128	192	0	326	11	1	28	0	482
GTEX.11UD2.0326	312	114	20	310	71	327	30	321	768	592	110	67	1848	491	1255	182	322	147	32	6	0	100	22	306	12	11	69	34	498	51	315	88
GTEX.11VI4.1926	239	143	166	430	375	287	169	293	136	44	177	189	521	1901	1208	87	128	120	394	105	0	131	35	84	13	2	156	49	409	102	284	80
GTEX.11WQC.2626	398	465	146	1654	21	50	128	163	65	60	821	33	84	30	48	66	574	126	169	82	50	19	55	107	771	570	465	508	15	182	15	889
GTEX.11WQK.0726	457	254	16	10	111	212	220	8	51	77	92	111	10	40	170	71	56	241	61	172	806	33	49	212	694	103	336	82	17	624	7	1613
GTEX.11XUK.2226	727	322	72	66	126	496	198	93	615	888	205	245	256	180	1491	166	611	96	81	27	45	145	225	518	235	225	225	301	1574	352	63	343
GTEX.11ZTS.0526	436	249	19	266	84	114	262	150	875	119	297	83	140	238	431	199	1131	211	62	150	26	26	37	375	456	83	403	314	88	127	430	374
GTEX.11ZTT.2626	84	142	16	123	78	92	195	71	70	41	104	193	226	192	115	16	42	79	122	62	100	32	70	221	73	48	174	37	455	447	61	183
GTEX.11ZU8.2326	357	222	87	85	212	1338	81	219	510	169	84	270	388	881	860	359	412	942	163	788	649	331	156	498	322	224	1184	88	98	424	1239	767
GTEX.11ZUS.1426	504	152	15	237	11	37	165	264	97	203	308	63	755	235	31	14	133	22	36	6	484	26	106	58	20	191	120	558	113	170	2619	168
GTEX.11ZVC.2726	307	441	46	543	106	200	412	69	98	391	307	130	331	287	301	182	974	230	130	91	59	52	56	144	1920	274	221	327	18	316	155	1166
GTEX.1211K.2126	619	324	45	64	193	342	96	148	407	470	231	407	184	300	725	47	281	28	69	6	33	70	174	850	169	27	47	15	173	311	351	417
GTEX.12126.0526	505	476	69	1	13	56	4	38	548	1591	31	53	34	10	800	10	865	27	9	8	21	10	43	316	131	583	62	53	166	26	17	53
GTEX.1212Z.2626	685	225	47	805	21	148	224	227	422	417	430	219	1744	781	501	81	520	142	440	67	122	127	289	376	35	384	377	271	1502	316	735	60
GTEX.12584.0526	13	22	8	28	97	994	2	132	848	18	5	206	33	464	682	54	17	104	55	36	14	104	34	515	0	0	100	0	13	36	441	64
GTEX.12696.2826	256	184	86	410	296	382	96	600	409	64	118	522	749	2005	788	507	53	337	531	97	11	200	270	507	2	6	107	10	453	170	250	39
GTEX.1269C.2626	239	250	32	449	12	148	22	287	1064	392	48	68	203	73	243	28	332	68	27	20	126	24	33	423	345	139	162	76	65	79	1217	121
GTEX.12BJ1.2526	769	252	34	27	251	287	297	82	287	372	221	517	587	445	401	113	220	101	329	28	90	116	466	743	317	176	157	268	1614	739	149	792
GTEX.12C56.1926	269	482	333	54	1099	52	882	549	34	268	240	607	98	44	68	169	154	29	243	5	273	32	220	163	510	603	40	1691	2025	898	223	492
GTEX.12KS4.0826	194	350	28	58	33	24	228	115	24	88	136	61	86	2	99	52	555	68	11	36	37	13	5	60	1469	226	120	1801	37	182	2	663
GTEX.12WSA.0726	12	35	188	72	173	1890	14	126	0	0	39	34	11	1207	135	307	0	346	903	205	1	672	7	4	0	0	166	0	6	13	21	31
GTEX.12WSC.0326	603	257	51	108	6	39	216	279	57	372	286	43	277	34	68	54	292	13	14	3	354	35	64	64	102	960	73	1806	135	48	336	102
GTEX.12WSD.0526	864	589	35	13	40	77	116	57	16	260	448	107	930	169	130	84	118	115	39	51	68	25	81	74	283	769	126	295	274	276	22	553
GTEX.12WSF.0926	55	66	19	714	23	192	37	419	38	110	85	63	938	1331	106	105	82	101	254	23	103	152	26	23	60	18	195	54	12	78	719	219
GTEX.12WSG.5016	0	0	840	0	0	0	0	0	0	0	0	0	0	0	0	0	0	0	0	0	0	0	0	0	0	0	0	0	0	0	0	0
GTEX.12WSH.2526	552	357	45	16	23	150	3	189	264	676	55	31	161	74	635	246	1289	264	11	267	257	30	39	89	298	595	241	409	69	25	1230	167
GTEX.12WSJ.1726	116	60	29	5	173	404	55	70	398	156	9	264	65	492	462	29	75	9	171	2	11	123	200	505	61	1	22	5	187	143	169	227
GTEX.12WSL.2726	348	234	315	430	252	268	442	286	231	318	147	489	162	311	295	202	232	46	482	53	92	159	258	539	313	102	105	63	522	930	156	343
GTEX.12WSM.0326	306	266	19	16	9	143	37	45	1504	344	108	75	25	16	525	30	777	34	7	7	25	17	117	739	463	121	52	35	46	43	37	144
GTEX.12WSN.2526	341	103	31	205	108	100	123	219	250	216	257	225	165	271	86	81	320	26	62	6	167	51	56	197	146	132	12	118	84	213	381	223
GTEX.12ZZX.0326	579	169	17	271	2	38	1170	115	98	189	662	64	196	190	43	68	77	80	176	24	131	17	90	103	35	212	115	1195	667	264	62	129
GTEX.12ZZY.0626	386	344	17	10	2	29	13	164	366	1000	80	48	67	23	191	45	1846	58	11	25	468	19	28	179	797	1431	145	172	46	91	99	179
GTEX.12ZZZ.0226	209	342	51	38	172	558	70	111	996	1006	17	122	229	93	1356	219	1271	412	38	368	78	112	59	1017	680	285	1202	258	202	176	78	449
GTEX.13111.2226	850	326	44	12	73	154	65	251	1044	587	133	209	226	123	488	67	785	105	20	66	154	35	180	575	146	237	95	123	277	158	373	178
GTEX.13112.2626	402	303	21	99	34	62	159	244	224	170	248	167	119	85	225	26	358	64	152	35	57	32	330	315	529	346	178	482	273	192	50	377
GTEX.13113.5019	0	0	974	0	86	0	0	1	0	0	0	0	0	0	0	101	0	194	0	103	0	32	0	0	0	0	0	0	0	0	0	0
GTEX.1313W.0526	9	108	36	318	56	81	10	841	189	674	2	202	617	44	54	51	51	43	23	26	445	40	14	132	2	72	77	43	29	160	2413	12
GTEX.1314G.1726	400	125	24	133	21	524	60	264	41	19	282	73	644	2832	593	111	39	191	217	129	1	66	8	63	2	3	388	0	38	82	754	158
GTEX.131XE.2726	390	158	12	258	89	181	150	167	529	374	94	152	129	231	605	62	220	70	138	37	65	38	169	295	61	54	130	117	359	135	262	102
GTEX.131XF.2326	813	280	49	5	17	116	181	34	29	284	430	52	13	30	239	59	238	171	24	153	145	36	58	52	118	903	347	1604	361	119	185	242
GTEX.131XG.2326	325	217	27	265	62	38	1777	35	3	164	1807	116	52	41	88	75	145	119	361	126	105	47	34	32	224	238	192	378	55	267	3	389
GTEX.131XH.2726	467	190	149	57	1	46	77	99	69	140	108	17	105	17	84	31	119	17	11	7	185	13	25	20	185	604	47	143	134	42	15	125
GTEX.131XW.0326	146	153	23	938	31	145	40	448	318	160	131	77	2384	623	245	16	123	18	73	5	41	23	24	109	57	36	80	192	72	137	363	254
GTEX.131YS.0526	153	223	20	8	15	192	12	140	1375	558	25	51	76	22	534	97	1110	157	13	69	76	18	17	552	558	287	251	146	16	79	468	310
GTEX.132AR.1026	75	52	25	8	259	1161	18	137	41	38	6	244	59	636	369	98	52	82	242	18	1	579	225	336	15	1	67	9	10	96	50	207
GTEX.132NY.0726	368	224	22	39	64	86	98	187	350	507	226	115	244	143	421	135	640	42	82	4	541	48	171	263	1088	234	67	279	224	371	109	799
GTEX.132Q8.0626	271	294	213	4	31	1068	45	84	8	9	50	90	5	198	563	353	19	576	367	477	91	311	222	63	156	37	547	30	1031	723	51	964
GTEX.1339X.2426	574	221	55	28	329	382	431	151	458	331	459	542	33	135	489	157	173	72	178	10	19	95	428	1353	96	40	51	169	526	417	79	351
GTEX.133LE.2026	746	172	11	36	19	115	121	197	24	210	197	102	668	265	264	52	112	69	81	30	69	29	216	142	220	216	104	119	457	168	96	337
GTEX.1399Q.2426	236	101	304	0	49	184	15	159	1	35	31	406	0	23	180	82	2	77	328	11	48	326	5080	135	10	23	135	14	646	23	37	21
GTEX.1399R.2526	1241	372	245	94	67	349	434	147	45	70	926	98	390	729	287	149	181	215	429	154	136	168	611	203	240	470	716	1507	864	530	261	654
GTEX.1399S.2726	1117	87	43	19	53	467	556	54	41	71	1170	248	568	1338	312	146	98	43	1330	1	3	553	738	52	4	39	58	108	392	82	61	85
GTEX.1399T.2426	260	299	42	2130	23	15	466	192	159	402	540	66	68	49	120	58	178	100	121	65	256	32	18	119	104	283	480	199	267	130	221	39
GTEX.1399U.2526	436	181	17	20	7	35	560	85	8	21	603	17	20	37	26	3	20	20	40	47	17	13	30	13	34	170	132	666	77	103	20	214
GTEX.139D8.0726	52	41	55	7	23	477	11	119	17	22	8	194	5	66	284	49	6	66	824	16	5	703	3271	160	1	1	63	0	461	15	23	68
GTEX.139T4.0326	0	0	8	0	193	84	0	0	0	0	0	9	0	1	0	750	0	1037	2	1176	0	3613	0	0	0	0	27	0	0	0	0	0
GTEX.139T6.2026	737	467	88	257	138	135	2161	505	163	536	720	554	488	590	251	103	241	174	679	128	442	60	325	516	318	377	200	1029	1807	1149	935	423
GTEX.139T8.0526	37	52	28	24	21	2991	18	173	76	7	21	89	21	330	2069	181	9	259	249	47	1	377	229	243	1	0	209	1	175	33	7	44
GTEX.139TS.2626	76	155	5	15	6	140	3	246	1043	402	13	35	77	33	325	18	434	17	3	3	284	35	31	176	113	152	91	21	71	57	590	26
GTEX.139TT.0426	551	266	23	714	45	35	112	507	439	713	385	97	910	193	67	176	171	332	84	196	858	16	44	168	41	443	302	281	791	241	912	52
GTEX.139TU.0526	1265	322	120	6	17	96	15	214	11	534	336	116	436	160	216	39	319	13	46	10	80	46	289	90	60	1325	75	176	503	56	624	137
GTEX.139UW.2626	120	206	24	55	107	251	45	82	92	162	17	270	26	47	344	117	73	180	107	226	78	47	287	483	336	21	145	12	42	351	1	534
GTEX.139YR.2526	1431	264	25	636	148	588	713	129	362	229	975	287	270	1057	1294	202	1365	162	232	133	244	112	106	461	389	84	283	449	69	582	3734	1897
GTEX.13CF2.2726	61	292	28	456	200	165	7	296	1073	204	18	246	458	232	438	121	55	78	37	37	173	28	14	1011	256	6	129	1	24	289	143	339
GTEX.13CF3.1826	766	73	16	92	150	399	202	70	107	170	349	355	164	911	403	216	145	423	516	321	7	191	264	353	7	37	314	23	239	208	444	100
GTEX.13D11.2526	1271	494	73	484	86	288	1031	427	409	336	1338	428	983	871	341	195	218	114	467	57	214	229	334	343	157	225	174	448	1054	509	1188	343
GTEX.13FH7.2126	445	262	19	31	150	118	163	81	174	122	153	170	510	320	302	24	158	36	63	30	35	32	103	168	131	105	54	129	381	205	212	321
GTEX.13FHO.0726	14	25	23	194	354	240	38	490	2	30	123	683	594	2217	44	83	1	172	1002	77	4	361	431	52	2	0	111	3	146	203	9	48
GTEX.13FHP.0526	282	323	85	2	44	85	8	146	164	1180	16	45	66	10	788	98	1034	57	1	22	8	24	50	231	175	255	58	204	90	47	0	112
GTEX.13FTW.2326	654	229	53	128	243	244	1006	172	130	177	723	307	470	1257	228	311	71	206	566	100	341	146	231	194	84	50	119	295	569	552	919	523
GTEX.13FTX.2026	271	196	75	17	279	557	20	251	1933	289	33	519	203	202	953	139	211	333	63	90	18	81	254	2407	47	14	155	4	165	144	54	104
GTEX.13FTY.0226	754	428	50	316	49	75	223	134	581	245	567	87	167	69	208	227	700	139	45	37	155	11	102	531	752	261	156	344	103	195	394	493
GTEX.13FTZ.2226	233	323	25	623	144	158	123	257	625	368	85	228	536	203	534	73	668	86	58	69	41	42	24	418	495	164	176	92	67	223	205	469
GTEX.13FXS.0326	406	554	321	674	28	56	431	393	324	1956	502	128	363	24	357	81	399	151	53	32	788	31	68	147	151	1303	235	1305	2022	236	72	74
GTEX.13G51.2726	431	312	63	161	5	243	751	103	184	290	286	42	188	88	904	146	1023	175	55	95	209	71	83	177	774	384	442	1225	169	227	49	1168
GTEX.13IVO.0626	37	44	168	23	19	1441	5	133	0	9	92	9	5	48	456	265	15	497	116	253	0	929	28	4	4	9	361	3	1	10	0	158
GTEX.13JUV.2326	462	304	34	321	126	136	98	402	122	306	446	592	1331	719	161	113	188	62	319	5	29	130	511	272	155	78	76	92	450	289	98	352
GTEX.13JVG.0126	58	299	82	441	129	1217	143	561	141	51	21	515	114	827	194	212	87	446	246	186	1506	180	111	396	153	107	778	83	10	2236	4158	718
GTEX.13N11.2726	815	266	16	72	46	129	173	72	185	117	373	104	46	154	302	33	397	37	136	35	55	27	126	198	235	88	120	61	10	175	126	593
GTEX.13N1W.0526	280	328	59	120	16	147	48	404	510	1841	107	147	1023	119	218	35	155	50	20	31	388	49	96	478	191	270	125	41	239	171	186	98
GTEX.13N2G.2326	173	289	41	3682	184	100	11	1484	521	340	127	213	1325	380	109	185	64	466	131	394	194	38	33	158	21	78	876	24	108	110	2924	33
GTEX.13NYB.2726	1054	352	110	189	24	472	19	331	1058	817	264	188	704	283	2219	59	440	25	97	8	31	104	395	915	57	81	93	11	273	134	71	142
GTEX.13NYC.0726	7	42	4	60	111	1713	64	82	63	5	4	244	4	923	208	304	1	501	878	512	11	419	224	231	5	0	306	0	24	134	475	57
GTEX.13NYS.0326	8	77	15	646	29	1126	11	202	312	1	17	50	7	927	489	97	0	259	111	241	10	95	20	596	0	0	515	0	46	46	692	8
GTEX.13NZ9.0626	397	233	32	2	24	112	106	72	33	217	58	224	3	22	198	57	54	53	141	14	291	116	1266	220	43	92	117	111	776	259	17	244
GTEX.13NZA.0526	290	505	58	243	91	439	2	986	401	474	60	363	264	221	189	63	94	51	22	16	1172	83	131	412	38	235	119	54	42	257	2735	67
GTEX.13NZB.2626	534	269	19	6	41	221	47	187	906	264	64	145	67	69	730	22	444	32	41	13	90	47	533	792	483	244	76	137	441	157	413	292
GTEX.13O1R.0526	752	443	52	495	55	166	98	373	1998	375	491	219	470	324	494	117	347	155	123	60	90	74	198	1095	172	103	296	35	434	181	282	142
GTEX.13O21.1726	527	235	27	14	41	267	185	124	200	281	296	154	95	172	167	113	139	129	97	14	129	226	140	359	244	152	303	136	78	259	260	445
GTEX.13O3O.0526	744	327	13	53	15	102	102	76	247	315	304	85	1175	292	328	13	342	54	68	35	93	22	61	159	455	128	210	214	82	217	75	868
GTEX.13O3P.0626	226	131	92	5	40	796	1	184	29	203	54	198	421	291	908	101	89	154	25	69	1	153	230	292	5	17	134	0	55	30	1	54
GTEX.13O3Q.2726	516	255	52	16	24	139	1206	46	23	51	518	157	10	157	134	27	203	66	624	11	49	52	516	203	278	80	163	267	132	397	475	1147
GTEX.13O61.2326	316	183	4	10	6	29	77	8	16	103	95	12	9	6	98	9	229	26	22	17	30	7	17	37	392	268	74	33	24	47	0	209
GTEX.13OVG.2126	541	207	22	87	103	311	549	365	251	296	516	311	445	549	263	176	144	425	447	470	128	117	829	756	134	81	398	13	320	303	565	289
GTEX.13OVH.0626	854	270	34	24	20	58	29	73	62	328	162	25	645	130	360	78	201	121	38	116	5	16	39	52	21	159	274	133	408	26	16	52
GTEX.13OVI.1726	135	55	51	81	1007	1113	410	420	197	276	150	639	413	957	355	314	107	268	907	66	27	951	305	296	16	13	118	23	96	278	254	251
GTEX.13OVJ.0226	281	250	29	31	78	619	24	254	412	313	24	345	761	405	1228	113	252	151	49	150	3	93	171	781	127	27	114	50	252	145	72	325
GTEX.13OVK.1926	866	115	18	31	59	135	77	79	67	296	224	169	30	74	429	89	185	31	94	10	16	26	233	199	23	215	9	33	259	80	26	119
GTEX.13OVL.1426	484	425	84	21	10	413	64	129	1379	1707	58	100	231	91	1354	152	1356	185	18	47	114	78	109	495	98	367	506	214	358	85	4347	91
GTEX.13OW5.0326	265	289	34	15	3	159	164	51	329	616	38	149	41	12	744	63	393	265	17	313	116	39	339	813	528	175	972	499	1491	298	2	268
GTEX.13OW6.0626	342	227	18	421	5	28	363	162	16	74	433	87	867	305	33	65	41	93	136	69	137	46	119	28	14	283	186	858	504	114	828	74
GTEX.13OW7.0326	162	151	17	1134	113	124	77	426	1041	527	45	198	450	136	97	60	250	201	40	203	80	41	58	448	24	31	346	93	109	247	1306	118
GTEX.13OW8.1426	60	52	19	461	183	153	310	372	38	105	153	746	585	1008	33	135	18	148	1295	114	41	348	676	167	60	9	84	33	591	666	129	170
GTEX.13PDP.0326	56	36	16	23	10	795	16	41	53	17	22	130	8	220	551	203	17	144	1010	26	8	593	1369	287	0	0	78	1	83	67	27	29
GTEX.13PL6.0326	24	154	31	194	82	754	7	194	711	181	0	161	72	156	908	75	63	166	60	66	23	95	14	1307	97	0	347	1	12	186	359	324
GTEX.13PL7.0626	984	140	33	163	243	405	179	176	98	124	410	498	1757	2112	714	182	96	159	485	31	8	229	421	235	18	52	90	158	845	244	334	165
GTEX.13PLJ.0326	9	52	15	261	275	1926	9	233	17	5	5	234	406	1465	287	261	7	602	509	350	3	928	35	112	5	0	508	1	1	159	54	153
GTEX.13PVQ.0326	301	127	24	113	35	101	30	567	87	360	208	171	1297	417	143	124	15	93	104	77	27	46	241	136	1	45	68	11	566	34	300	6
GTEX.13PVR.2526	341	306	217	70	60	97	728	173	364	218	409	286	293	357	176	137	84	370	468	251	33	82	176	320	16	52	467	244	1169	390	172	80
GTEX.13QBU.2426	413	230	85	635	402	100	2316	285	208	241	721	984	1266	1327	154	157	92	94	1204	18	142	109	383	327	81	44	64	364	2276	1269	446	374
GTEX.13QIC.1226	355	222	12	851	20	83	231	166	150	18	257	81	244	285	131	87	508	127	101	56	32	43	17	58	143	41	244	322	6	120	426	255
GTEX.13QJ3.0726	722	149	9	99	35	364	414	34	64	24	460	84	156	804	576	90	74	132	348	69	3	118	146	98	3	29	172	128	350	145	249	230
GTEX.13RTJ.2726	0	36	120	142	556	2464	2	153	15	4	5	325	44	586	100	1784	3	1158	399	246	1	5756	42	118	1	0	424	0	7	43	39	8
GTEX.13RTK.1626	668	267	33	16	248	53	285	45	92	406	267	323	44	53	169	46	253	31	104	6	117	26	128	206	257	263	39	497	1108	327	111	232
GTEX.13RTL.0326	228	136	29	44	187	774	0	481	416	741	28	373	671	91	564	450	172	921	26	537	6	596	142	764	2	39	433	1	126	49	22	24
GTEX.13S7M.0326	5	18	9	22	89	2069	1	343	31	34	4	206	209	893	337	138	12	371	45	126	1	800	27	145	0	0	176	0	2	28	333	23
GTEX.13S86.2326	597	106	46	22	120	1559	61	320	63	7	435	95	58	1354	943	166	30	650	496	170	0	483	107	79	9	1	511	1	5	53	204	212
GTEX.13SLW.0326	5	15	79	218	320	852	70	87	32	16	19	502	5	250	30	251	3	503	1423	247	7	2020	209	196	1	1	296	9	0	452	62	115
GTEX.13SLX.0326	236	260	18	159	22	130	378	265	190	223	153	493	246	221	100	69	44	105	556	69	198	49	974	1251	115	26	80	34	332	1057	138	390
GTEX.13U4I.1826	333	232	5	16	29	519	22	87	119	103	138	241	1188	584	1028	62	168	82	116	35	9	77	245	751	202	31	208	22	179	427	13	616
GTEX.13VXT.0326	426	257	532	116	164	86	749	452	0	56	1049	238	464	952	25	202	2	96	430	16	20	109	210	40	25	114	91	456	475	480	68	363
GTEX.13VXU.0326	198	504	129	0	30	325	2	403	799	952	5	527	46	22	490	69	490	49	18	21	193	81	682	1953	740	93	103	9	162	299	25	182
GTEX.13W3W.2626	182	320	53	34	108	468	146	205	218	113	97	655	169	231	751	65	62	77	163	37	37	84	1249	1772	274	6	135	34	456	797	19	792
GTEX.13W46.0726	296	374	88	1	12	457	5	141	325	130	10	103	14	34	1044	72	415	77	17	26	18	126	226	448	394	26	144	57	160	107	0	359
GTEX.13X6H.2326	720	907	138	45	188	144	586	311	350	298	299	486	754	654	148	125	432	239	260	63	319	63	139	609	967	172	260	457	522	1073	1025	1235
GTEX.13X6I.0526	0	3	28	11	403	994	3	80	1	0	2	175	0	353	23	235	0	752	942	605	0	1422	20	24	0	0	241	0	0	58	0	8
GTEX.13X6J.0326	179	330	21	0	5	73	0	45	271	880	3	49	9	3	457	22	1636	51	2	27	26	8	19	211	689	1103	108	2	23	26	0	38
GTEX.13X6K.0326	48	43	23	136	221	1371	4	290	24	85	31	339	620	608	300	70	32	129	197	38	2	1190	84	205	9	7	96	1	8	123	11	146
GTEX.13YAN.0526	0	0	14	7	870	184	0	12	0	0	0	37	0	7	1	876	0	184	57	31	0	5109	2	0	0	0	7	0	0	0	0	0
GTEX.1445S.0626	308	103	7	264	21	149	166	62	132	115	173	101	411	589	475	67	105	73	276	35	98	45	105	95	149	10	94	44	167	172	13	612
GTEX.144FL.0326	0	16	110	35	644	1800	2	414	13	0	0	273	19	467	60	495	0	182	277	37	5	1543	20	133	2	0	18	0	0	34	25	18
GTEX.144GL.0326	342	480	28	14	30	162	42	40	172	412	53	65	138	72	439	65	391	155	25	256	365	29	62	194	676	609	332	320	146	131	127	296
GTEX.144GM.2026	2276	1113	76	28	39	109	470	132	41	383	702	86	99	41	145	101	513	50	48	9	403	23	69	231	1864	1508	92	605	35	387	152	1821
GTEX.144GN.2426	939	346	268	26	60	144	160	236	67	271	301	109	12	24	259	67	627	107	40	19	55	65	87	155	400	1404	133	429	54	133	74	451
GTEX.144GO.1326	15	42	42	79	52	2559	9	151	25	5	11	173	17	483	152	365	3	554	397	273	8	1554	594	271	1	1	454	3	11	134	310	64
GTEX.145LS.0526	16	54	40	6	63	1674	11	126	42	10	4	218	21	565	182	102	7	257	483	184	10	286	377	570	25	0	304	0	10	379	76	213
GTEX.145LT.1626	695	419	15	88	40	162	492	99	243	291	171	254	100	241	128	20	169	49	363	15	1079	34	327	642	871	195	133	128	94	1386	260	1374
GTEX.145LU.2026	320	345	69	0	0	134	3	85	232	594	10	16	37	10	502	13	1351	9	2	1	184	19	19	135	319	1048	80	184	3	43	454	143
GTEX.145LV.2326	76	47	7	48	201	296	18	119	5	2	84	313	59	1807	75	129	1	62	805	4	61	208	51	41	4	0	30	0	12	197	115	157
GTEX.145ME.2026	111	222	28	1271	96	8	4323	138	26	44	1457	134	25	72	10	125	23	131	188	148	474	22	31	35	206	88	375	590	35	687	78	240
GTEX.145MG.0226	242	255	69	126	184	252	2	544	565	447	15	1563	62	98	109	90	195	93	198	23	815	133	3415	2643	430	220	136	2	26	794	302	215
GTEX.145MH.0326	139	196	24	693	58	68	42	659	281	511	38	162	182	72	56	92	748	163	12	103	436	19	22	291	326	222	204	188	25	272	927	258
GTEX.145MI.0326	61	61	11	115	18	97	2	525	140	33	13	62	409	441	106	9	9	23	7	12	55	32	6	59	29	12	54	1	7	29	266	63
GTEX.145MN.2426	465	360	87	1	96	115	30	85	222	704	109	48	86	6	421	71	1383	74	2	107	32	19	7	218	713	823	58	971	25	148	3	685
GTEX.145MO.0726	69	141	63	310	62	62	84	971	50	313	111	271	1102	424	67	61	22	32	86	5	89	51	74	159	6	7	21	58	178	243	70	41
GTEX.146FH.0526	658	320	14	19	12	59	144	41	103	167	187	36	313	153	253	33	494	78	42	82	24	15	43	111	769	284	176	365	188	120	47	648
GTEX.146FQ.0326	13	22	49	162	837	1428	3	426	33	5	37	692	459	2283	176	159	7	286	268	192	0	443	66	141	6	1	187	0	10	95	336	121
GTEX.146FR.1726	253	222	17	176	100	117	814	192	64	171	581	296	207	471	16	96	9	102	497	68	445	74	98	410	150	19	133	11	45	1558	167	760
GTEX.14753.0526	386	330	5	58	18	189	20	90	442	627	103	65	149	59	628	17	522	100	8	78	410	19	26	364	793	123	259	68	52	178	36	536
GTEX.1477Z.1626	0	22	90	120	691	1679	1	115	7	1	18	357	77	1812	55	488	0	380	1357	89	1	3770	50	27	0	0	118	0	0	46	28	11
GTEX.147F3.0226	358	403	136	52	31	322	71	357	593	291	43	89	173	208	947	60	448	63	34	11	123	74	64	738	716	242	229	98	168	203	239	660
GTEX.147F4.0326	378	713	23	188	12	255	30	178	2029	1227	78	113	104	94	454	23	813	170	24	164	1500	21	31	1214	1932	465	862	83	14	414	135	647
GTEX.147GR.0126	161	203	220	263	77	94	453	238	11	36	674	688	15	816	7	132	0	100	1142	45	2121	117	472	233	6	14	126	3	14	4766	89	249
GTEX.147JS.0526	409	183	6	96	5	223	95	65	107	218	240	31	718	326	263	52	643	72	42	11	21	64	39	94	468	125	134	256	10	108	39	991
GTEX.148VJ.0326	49	150	30	8	170	852	6	156	241	622	13	352	84	24	1007	79	751	108	8	65	9	232	80	871	356	37	203	14	5	70	6	395
GTEX.1497J.2626	176	246	149	590	877	324	717	143	337	290	105	707	130	280	1062	364	833	932	190	785	229	100	282	866	1177	133	131	264	201	1131	146	1087
GTEX.14A5H.0326	120	116	41	184	353	468	16	583	18	102	85	516	824	865	91	268	34	670	210	237	35	441	350	171	63	26	225	15	7	229	117	387
GTEX.14A5I.0326	220	445	9	206	42	156	26	115	576	721	349	105	823	111	585	44	764	27	10	4	25	18	12	607	880	71	115	74	5	150	3	612
GTEX.14A6H.5019	0	33	2782	0	4	0	0	19	0	1	0	32	0	0	0	19	0	5	68	0	0	57	35	0	0	0	3	0	0	2	0	0
GTEX.14ABY.0126	778	447	69	1830	48	51	400	582	198	753	990	61	765	52	112	141	526	232	21	137	851	20	56	154	170	894	308	1753	105	221	1028	363
GTEX.14AS3.2126	417	167	13	1	297	137	18	27	110	102	23	80	25	34	531	63	778	147	14	134	9	30	30	133	600	130	106	36	101	45	5	494
GTEX.14ASI.0526	56	352	56	22	327	775	0	347	63	1058	7	333	117	15	709	674	91	924	8	401	97	1068	56	589	82	0	486	1	1	197	0	106
GTEX.14BIL.0326	208	372	31	782	51	91	157	363	361	696	145	171	606	135	208	49	369	88	34	29	381	32	39	329	304	97	132	94	139	323	257	246
GTEX.14BIM.0326	44	139	80	10	194	269	480	54	62	170	56	2061	10	23	110	234	2	244	1710	33	189	573	5166	948	43	5	228	18	1423	1837	2	135
GTEX.14BMU.2026	617	453	14	5	233	115	184	29	61	370	105	269	212	132	510	23	701	39	33	12	48	16	74	280	1376	157	87	182	153	428	24	1076
GTEX.14BMV.0326	450	311	31	14	22	253	1	202	510	978	11	38	131	6	1931	43	904	30	1	7	34	20	9	297	228	112	94	3	3	7	10	69
GTEX.14C38.0426	105	110	15	106	68	371	59	245	337	231	109	278	520	703	360	42	185	77	67	16	126	64	164	836	164	9	104	126	52	200	633	262
GTEX.14C39.2426	102	788	107	41	158	417	83	239	424	540	21	724	307	243	186	140	497	155	50	37	1912	79	206	1510	1796	92	322	27	38	2591	995	1900
GTEX.14C5O.0626	439	208	34	50	7	63	136	102	29	190	326	62	877	303	25	33	45	29	28	5	2098	35	63	20	87	289	49	533	64	208	301	482
GTEX.14DAQ.0326	155	158	11	1340	5	19	148	148	1	33	699	41	513	106	21	17	78	17	43	2	38	21	45	13	30	388	144	2272	60	110	476	119
GTEX.14DAR.1826	877	607	54	9	41	229	569	107	434	409	342	127	349	219	407	92	1372	220	76	107	354	94	70	354	1629	297	401	544	115	402	695	1774
GTEX.14E1K.2326	878	541	82	20	186	1112	37	255	83	348	191	219	486	245	1910	223	824	111	48	9	58	246	459	694	691	519	162	121	132	214	339	803
GTEX.14E6C.1526	13	58	10	1279	548	859	29	127	306	30	3	325	155	221	653	218	127	280	475	182	11	373	15	337	76	0	194	7	0	135	153	308
GTEX.14E6D.0326	264	450	141	67	26	12	85	259	89	841	176	47	168	12	43	29	186	53	19	40	518	3	38	58	268	1265	154	1250	500	144	11	133
GTEX.14E6E.2026	566	697	69	5	85	164	276	39	672	426	73	166	63	44	787	46	1387	210	55	296	250	22	71	479	3143	571	394	879	233	469	56	1510
GTEX.14H4A.0926	263	301	27	474	27	35	1444	251	35	125	651	142	658	439	57	83	38	46	190	6	362	25	84	80	156	112	87	1212	422	514	331	428
GTEX.14ICL.1926	60	187	111	303	625	588	266	338	41	86	71	507	306	511	110	103	23	149	236	99	70	72	305	2148	242	2	199	0	25	1989	267	1271
GTEX.14JG1.0126	241	481	32	45	4	26	25	174	31	1042	106	15	72	15	399	5	1182	42	6	24	83	3	5	39	1637	872	139	247	5	73	3	223
GTEX.14JG6.2126	367	525	39	7	71	21	557	84	445	230	249	105	44	32	39	88	518	121	34	62	557	13	38	209	1352	1073	178	968	191	417	151	492
GTEX.14JIY.0426	177	202	77	290	178	1094	60	392	366	369	100	753	153	705	282	249	166	302	216	361	316	163	1049	2972	267	17	230	13	5	1039	1013	1081
GTEX.14LLW.0526	30	68	8	1	40	151	14	51	37	10	2	673	1	41	12	79	1	96	159	39	112	145	2086	753	52	0	139	0	6	955	5	216
GTEX.14LZ3.0626	47	176	15	9	2	499	2	228	848	343	8	38	143	40	1208	57	678	224	2	310	11	30	3	757	117	3	763	3	0	35	285	186
GTEX.14PII.0626	163	157	6	590	13	26	689	59	124	137	146	53	204	108	81	25	167	21	59	17	271	13	14	43	403	77	96	446	23	209	169	489
GTEX.14PJ2.0326	696	186	6	36	14	181	64	107	231	88	336	65	540	440	495	52	272	78	57	7	24	35	85	258	236	55	110	74	34	131	72	613
GTEX.14PJ3.2026	143	137	17	43	182	782	678	142	750	65	191	235	378	1133	559	97	65	243	328	209	47	120	150	1881	92	8	478	33	347	751	282	765
GTEX.14PJ4.2426	1031	1797	233	192	159	169	984	921	473	620	458	467	378	121	279	303	587	175	295	45	1390	97	145	665	1794	908	160	574	790	1649	348	872
GTEX.14PJ5.2026	682	209	13	0	5	31	85	24	89	160	239	34	36	29	138	4	227	10	37	1	35	14	64	118	419	236	90	292	192	108	11	339
GTEX.14PJ6.2326	646	304	22	2	23	187	143	71	170	273	213	91	115	216	277	30	531	83	52	52	136	46	170	270	533	139	190	121	108	135	578	594
GTEX.14PJM.0426	298	379	71	31	16	38	18	338	13	594	115	70	1201	56	134	25	177	26	29	5	110	13	34	73	103	824	102	269	237	98	6	103
GTEX.14PJN.2126	432	249	85	326	166	141	1431	140	723	141	851	194	229	222	332	112	398	381	213	253	238	47	191	229	281	163	304	896	929	308	177	278
GTEX.14PJO.0526	40	189	36	16	106	342	4	240	131	36	17	777	61	131	58	23	10	16	66	1	52	79	1029	1426	153	2	55	1	2	499	9	415
GTEX.14PK6.2126	1583	1084	83	78	28	109	1091	131	309	437	800	177	329	213	354	123	906	111	116	36	428	43	78	244	938	1123	255	2300	721	603	242	730
GTEX.14PN4.0326	162	162	72	82	244	728	77	396	159	333	56	773	310	359	447	77	165	276	180	144	18	198	1002	1520	264	16	366	11	321	446	28	557
GTEX.14PQA.0526	251	159	58	590	15	577	348	107	73	45	190	73	170	392	748	63	165	114	436	34	253	162	92	61	117	47	341	252	91	303	245	926
GTEX.14XAO.2226	0	29	161	47	859	206	4	992	35	34	0	6517	26	44	9	655	0	261	582	134	40	624	5543	759	0	0	83	0	56	447	89	5
GTEX.15CHC.2426	317	453	73	158	234	309	1168	213	125	502	469	582	127	278	216	115	121	110	689	14	571	159	437	596	515	101	230	201	725	1923	300	1039
GTEX.15CHQ.0726	10	17	10	34	552	759	0	146	7	12	2	219	192	453	132	402	16	574	21	376	0	699	22	114	8	0	269	0	0	51	22	83
GTEX.15CHR.2426	316	147	12	139	60	851	154	182	1015	66	120	183	216	301	1526	195	393	210	138	137	9	194	114	1279	317	20	213	10	26	392	135	989
GTEX.15D79.0526	18	43	17	2318	7	15	997	378	0	40	1036	84	184	59	6	60	0	66	197	19	77	60	88	10	9	45	207	882	123	285	10	60
GTEX.15DCD.0626	1	9	10	210	112	917	2	575	11	11	3	157	279	918	62	147	3	535	125	528	5	587	66	87	0	0	371	0	0	35	67	32
GTEX.15DDE.0526	120	113	63	5	23	308	0	138	282	146	18	319	113	156	226	97	37	151	51	69	9	127	1904	1024	41	7	124	0	209	30	61	72
GTEX.15DZA.2026	530	84	152	44	96	620	54	628	83	126	406	200	370	544	651	130	66	232	200	162	1	258	335	122	4	37	231	4	261	34	852	47
GTEX.15EO6.2826	131	197	17	13	111	589	2	68	625	35	23	135	49	173	716	87	331	74	15	30	0	68	16	758	120	4	83	0	2	58	117	181
GTEX.15ER7.0226	122	385	13	5	7	16	0	83	180	776	11	20	30	7	38	79	1149	93	4	96	88	2	2	152	688	845	139	8	0	50	85	98
GTEX.15ETS.0326	222	127	7	34	74	38	1055	47	13	22	823	205	97	193	15	40	20	47	250	5	65	43	54	66	86	16	42	175	46	454	89	591
GTEX.15F5U.1826	208	261	66	516	210	219	1781	280	504	310	138	457	170	320	191	79	96	60	273	14	324	37	537	1397	164	56	129	130	991	1102	1333	437
GTEX.15G19.0526	77	237	26	2	37	335	0	43	1783	199	3	83	27	11	1677	70	290	119	2	86	0	38	12	508	7	1	180	1	8	1	17	14
GTEX.15G1A.2026	588	68	10	7	59	492	31	60	98	140	240	178	138	268	501	19	271	26	177	2	17	240	126	167	113	58	50	7	53	40	11	149
GTEX.15RIE.2426	157	107	10	13	0	77	150	166	29	35	427	56	32	250	11	25	3	30	115	2	95	41	100	126	4	2	35	6	30	139	157	109
GTEX.15RIF.2126	567	250	29	5	34	182	36	43	180	359	168	145	107	35	261	49	276	46	48	12	79	42	520	391	830	269	66	47	179	284	1	588
GTEX.15RIG.0426	559	565	285	7	77	303	230	494	383	350	253	796	179	222	189	141	163	172	318	39	445	125	1300	1307	480	201	213	112	344	1137	355	609
GTEX.15RJ7.2426	616	316	8	54	73	19	743	32	9	104	907	95	16	15	27	55	121	35	106	8	255	11	66	87	174	706	140	373	204	330	144	199
GTEX.15SB6.1826	232	212	114	209	79	685	54	580	1594	359	67	321	244	197	658	62	131	91	41	18	201	85	305	1454	2	53	129	64	440	202	2861	33
GTEX.15SDE.2326	357	188	22	38	12	214	352	70	28	74	305	116	107	312	345	30	104	43	338	13	12	57	178	165	383	35	125	18	106	210	43	610
GTEX.15SHU.0626	99	162	9	35	7	372	0	139	807	73	25	38	23	202	469	52	129	79	39	22	51	26	33	468	23	11	284	1	9	58	1746	64
GTEX.15SHV.2526	122	51	2	272	93	138	64	69	119	108	187	129	128	329	75	195	66	134	245	77	46	49	87	139	9	16	43	32	35	126	791	88
GTEX.15SHW.0726	169	227	8	9	104	401	156	27	99	21	137	199	169	685	444	69	193	46	198	10	7	90	48	362	165	0	120	39	9	306	129	864
GTEX.15SKB.2526	68	65	6	706	74	76	262	68	470	33	98	104	147	325	153	57	36	220	147	231	51	22	37	311	25	7	353	192	175	285	494	175
GTEX.15UF6.1026	20	39	17	12	59	408	20	98	13	4	44	343	10	258	42	64	2	95	760	124	4	283	1734	325	3	0	77	0	2	57	17	67
GTEX.15UF7.2226	518	612	81	92	447	539	294	168	283	731	129	391	342	123	585	116	1180	253	53	183	236	94	189	1036	1924	395	418	227	21	1007	71	2931
GTEX.15UKP.0326	354	324	60	86	361	120	551	245	23	201	220	690	200	149	122	56	143	89	283	26	247	42	685	217	603	271	67	233	254	551	414	828
GTEX.169BO.1526	131	30	28	34	179	526	127	44	14	32	109	204	52	456	277	70	16	259	205	265	2	185	371	83	1	3	107	9	84	54	89	67
GTEX.16AAH.1826	553	318	29	45	91	114	987	186	92	151	491	277	144	391	76	95	51	131	291	133	480	45	617	311	81	54	175	232	524	477	1293	366
GTEX.16BQI.0326	320	198	14	427	21	38	199	89	209	141	343	88	179	95	158	26	277	46	50	42	153	12	32	93	188	313	92	657	291	128	401	117
GTEX.16GPK.0526	203	332	15	28	27	130	20	137	377	385	41	36	72	30	368	62	1540	79	13	68	74	21	15	191	422	431	263	141	4	96	70	324
GTEX.16MT8.0326	140	51	13	276	19	640	251	89	25	3	259	44	172	2479	512	93	21	163	429	123	0	172	28	33	11	2	164	12	30	33	143	218
GTEX.16MTA.2026	451	478	117	112	107	244	1464	466	100	217	784	434	150	585	229	224	73	126	840	41	368	87	404	426	120	39	84	137	900	1209	1082	841
GTEX.16NGA.1926	918	177	17	18	73	218	513	30	386	362	424	182	208	378	669	14	556	55	173	25	30	23	132	604	857	85	90	154	354	435	124	1161
GTEX.16NPV.2426	1	11	8	8	42	1455	7	10	3	0	4	40	1	101	35	145	0	260	1094	151	0	958	393	96	0	0	132	0	5	37	5	41
GTEX.16NPX.0626	618	305	10	12	16	100	14	19	184	329	37	19	19	16	627	55	1212	74	11	63	22	5	13	162	1089	283	121	115	1	60	10	394
GTEX.16XZY.2226	410	196	39	38	23	352	48	38	103	90	120	37	166	100	399	245	310	285	39	112	131	93	23	98	508	143	499	255	24	124	22	989
GTEX.16XZZ.0526	146	299	22	15	38	360	136	85	149	234	66	286	96	170	483	29	171	67	283	15	68	103	614	907	438	19	139	36	138	728	35	842
GTEX.16YQH.0426	185	388	22	3	10	42	13	2	64	794	16	25	1	5	201	35	772	42	2	29	78	7	10	80	1390	896	118	171	18	45	0	168
GTEX.16Z82.0126	619	289	49	1	5	111	5	35	97	733	93	47	68	10	300	22	515	60	1	74	109	35	36	81	100	1370	236	220	54	51	8	99
GTEX.17EUY.0626	1225	308	52	33	87	600	285	207	487	282	525	462	384	479	1023	87	173	53	286	2	250	190	1366	1498	132	73	61	41	1884	496	419	315
GTEX.17EVP.1326	191	667	59	46	61	136	52	75	463	1273	11	137	100	11	634	82	479	90	6	68	176	27	45	690	852	251	110	25	593	178	1	132
GTEX.17EVQ.1226	23	23	7	484	297	485	46	126	23	60	24	250	225	408	180	174	26	502	221	288	8	758	88	142	5	2	216	12	24	195	34	108
GTEX.17F96.2726	207	103	73	6	315	1146	33	132	11	12	57	360	42	615	314	235	47	97	561	12	2	1261	271	97	45	2	45	2	66	130	22	271
GTEX.17F97.0526	27	125	17	89	33	719	36	90	1310	86	8	74	138	102	1530	36	279	168	22	61	6	59	17	737	308	2	365	49	17	118	18	525
GTEX.17F98.1626	408	209	46	40	82	73	1154	17	434	111	538	145	27	81	324	52	351	94	130	60	43	28	71	264	239	252	133	1118	220	326	61	476
GTEX.17F9E.0226	496	619	93	56	86	35	217	74	102	342	314	156	59	60	193	142	966	78	31	41	146	19	67	191	972	1212	73	514	109	200	140	266
GTEX.17GQL.1926	536	177	17	311	130	205	360	71	168	138	338	238	495	548	121	68	108	50	181	5	86	71	144	184	292	91	57	359	88	393	147	912
GTEX.17HG3.2726	374	227	8	72	2	233	202	22	762	57	120	21	28	95	389	21	327	78	90	54	42	32	205	912	773	110	235	132	341	233	157	822
GTEX.17HGU.0626	302	247	22	25	2	28	105	33	114	480	187	22	23	15	67	39	891	54	9	30	236	9	24	27	231	1094	87	920	31	73	201	167
GTEX.17HHE.2126	744	406	122	2	21	88	1762	37	49	324	725	103	66	44	167	78	334	58	182	17	97	46	93	51	219	683	181	2896	844	316	55	293
GTEX.17HHY.0326	219	218	15	102	12	81	16	250	544	728	129	107	590	78	174	63	71	61	30	21	97	19	132	403	41	78	88	9	537	101	41	50
GTEX.17HII.0426	496	389	46	4	18	157	7	26	30	758	11	50	337	30	316	13	1337	37	3	30	38	17	10	133	711	1086	43	212	6	87	9	570
GTEX.17JCI.0326	194	252	12	58	4	12	371	35	0	27	302	20	99	36	31	13	42	106	32	154	52	7	10	5	49	523	344	1372	159	85	60	75
GTEX.17KNJ.2426	618	271	159	15	27	370	436	318	36	136	467	230	262	322	308	74	66	46	257	15	117	131	512	287	311	127	88	253	513	412	274	936
GTEX.17MF6.2026	23	46	59	40	120	1187	53	216	229	38	15	267	62	494	286	216	64	33	303	1	39	215	350	785	191	0	35	1	40	302	421	651
GTEX.17MFQ.1926	761	177	37	91	0	65	135	39	6	204	448	12	127	81	123	26	197	7	76	0	60	38	112	27	115	369	39	282	40	77	104	204
GTEX.183FY.0226	498	107	20	49	13	10	2286	29	22	17	1135	133	7	71	12	5	26	8	517	0	37	20	60	22	26	64	16	267	408	252	60	81
GTEX.183WM.0426	2	0	28	1	287	228	0	3	0	0	0	186	0	26	4	199	0	508	819	516	0	1622	655	6	0	0	92	0	1	14	0	8
GTEX.18465.0326	470	385	34	22	5	104	30	81	1196	687	90	46	80	32	871	12	645	37	14	17	152	18	113	404	1176	273	117	285	374	50	31	328
GTEX.18A66.0126	165	246	17	5	29	168	26	23	259	114	60	122	205	152	267	24	289	3	9	0	57	22	21	343	403	5	13	16	0	180	154	867
GTEX.18A67.0326	139	301	128	78	11	17	578	32	143	93	246	71	10	10	58	45	181	56	56	36	199	20	10	102	135	175	102	1168	218	207	51	99
GTEX.18A6Q.0326	217	135	25	722	6	26	256	157	45	287	620	15	1429	144	46	80	145	78	64	26	157	23	71	13	48	611	157	1746	232	60	642	51
GTEX.18A7A.0626	860	377	24	2	7	44	156	48	51	145	255	48	77	83	65	8	387	1	39	0	124	16	150	154	235	679	43	814	77	169	315	367
GTEX.18A7B.0326	263	107	4	100	15	136	88	39	598	112	109	103	340	269	260	70	100	176	77	190	150	22	209	285	150	53	103	82	733	88	127	246
GTEX.18D9A.1826	327	350	22	9	14	183	140	26	877	94	252	74	8	74	692	36	312	71	56	27	61	33	101	843	977	63	147	45	149	181	129	453
GTEX.18D9B.0426	191	291	152	64	302	802	78	254	140	464	114	433	463	216	302	275	170	583	190	486	41	1181	374	425	101	41	395	164	705	375	68	303
GTEX.18D9U.0626	276	246	297	16	17	17	1832	164	9	33	649	105	34	57	7	56	7	54	281	8	145	39	76	19	91	175	46	765	623	188	162	175
GTEX.18QFQ.0326	191	307	189	0	33	8	887	31	3	103	245	93	4	14	3	63	7	16	48	7	759	21	27	19	157	387	29	563	88	452	61	210
GTEX.1A32A.0526	339	346	5	7	6	132	115	19	500	324	81	39	33	30	591	18	788	42	19	19	137	16	27	292	1642	99	98	221	94	142	36	806
GTEX.1A3MV.2026	322	370	60	56	101	46	665	44	41	159	339	180	137	75	63	112	250	153	60	103	555	31	75	83	493	771	92	1524	226	389	815	368
GTEX.1A3MW.0526	161	176	12	66	66	951	4	34	34	76	72	74	264	271	1120	79	237	348	98	264	1	141	31	142	230	16	575	2	6	88	0	674
GTEX.1A3MX.0526	59	164	34	4	182	363	0	183	840	537	1	220	293	25	633	192	1007	146	4	54	15	53	32	885	328	9	85	4	1	44	48	258
GTEX.1A8FM.0526	83	147	15	85	98	1496	49	7	1072	71	27	223	8	161	1673	180	346	195	253	81	196	228	33	632	582	4	261	15	0	329	44	1570
GTEX.1A8G6.0126	195	296	48	3190	212	180	67	890	1409	662	38	713	487	119	476	155	387	90	185	11	139	125	33	1073	368	51	189	104	607	742	171	277
GTEX.1A8G7.0326	285	301	5	58	25	2304	81	30	487	84	67	56	114	284	2219	420	641	844	212	899	33	436	87	430	411	23	646	42	1	132	129	1500
GTEX.1AMEY.1526	520	485	31	172	57	90	306	74	1366	215	388	167	95	91	644	160	948	158	87	52	103	33	155	747	452	621	148	544	529	126	223	224
GTEX.1AMFI.2226	222	206	34	134	4	18	1158	48	22	59	439	28	3	13	13	28	45	1	215	1	457	39	44	25	197	255	14	609	235	197	96	155
GTEX.1AX9I.0326	149	286	30	127	10	63	444	60	219	414	214	75	33	10	58	48	220	62	34	62	857	51	35	172	497	364	152	1125	55	313	125	318
GTEX.1AX9J.0126	617	498	81	31	36	48	770	36	101	439	515	129	56	57	64	63	306	55	99	14	831	45	81	122	927	720	72	991	281	547	104	544
GTEX.1AX9K.2726	381	209	30	34	224	98	606	27	23	341	320	323	111	96	81	65	189	120	74	101	606	40	136	169	362	488	280	1145	129	607	183	750
GTEX.1AYD5.2226	51	54	32	532	471	321	2131	54	9	14	424	365	153	486	121	274	20	188	468	65	5	120	60	125	59	1	158	400	14	588	43	1091
GTEX.1B8KE.2226	628	167	33	15	33	95	75	48	49	223	293	211	138	211	304	8	110	12	138	1	31	33	250	202	93	21	73	29	569	208	25	232
GTEX.1B8KZ.2126	169	395	547	1832	159	102	144	137	355	77	575	209	77	36	445	240	810	335	109	362	11	588	16	333	1208	55	501	760	70	230	13	594
GTEX.1B8L1.2726	457	585	80	193	87	351	645	210	808	597	107	402	60	31	389	134	643	500	184	349	1008	78	622	1125	1415	684	740	309	589	980	2239	475
GTEX.1B8SF.0426	65	300	42	120	90	444	20	229	449	274	31	308	66	69	317	105	136	61	104	33	21	121	191	1224	82	11	90	2	30	174	143	78
GTEX.1B8SG.0326	339	166	25	1098	10	3	271	143	32	162	557	87	386	10	7	49	53	39	278	28	64	18	102	19	85	172	68	228	790	82	8	16
GTEX.1B932.0526	383	189	14	3	2	15	192	12	25	62	250	21	5	23	127	33	225	34	34	27	20	9	24	26	230	266	53	263	92	46	36	180
GTEX.1B933.0426	147	230	52	31	24	43	57	65	680	139	19	32	23	26	117	31	203	60	18	51	117	12	55	218	352	140	191	97	113	103	195	221
GTEX.1B97I.2026	122	282	15	169	66	40	1917	39	28	61	300	134	5	36	16	38	34	48	120	42	920	19	59	181	385	71	99	161	28	961	194	519
GTEX.1B97J.1226	26	97	299	1562	228	3	3436	662	4	11	154	468	11	38	0	127	1	20	1760	16	40	44	118	24	0	4	24	26	615	411	31	5
GTEX.1B996.0326	267	581	51	365	13	77	201	187	364	531	136	193	107	58	36	98	69	40	60	17	4223	25	188	389	68	1056	99	482	586	1145	857	73
GTEX.1BAJH.0126	90	203	25	1086	49	23	197	171	454	308	189	145	123	78	26	49	27	31	148	3	1872	8	29	175	51	140	82	159	56	438	256	123
GTEX.1C2JI.2126	322	598	210	497	58	124	253	550	399	372	176	369	621	223	228	51	119	62	338	12	642	78	323	430	78	261	231	268	4078	655	293	63
GTEX.1C475.1726	540	334	146	53	41	85	1317	273	342	453	278	176	344	153	167	111	193	37	183	4	292	65	218	247	151	442	42	534	2048	288	826	152
GTEX.1C4CL.0326	449	222	201	16	11	43	615	153	82	261	675	53	214	56	71	44	54	76	89	40	216	37	130	86	181	532	98	627	1097	167	111	137
GTEX.1C64N.0326	110	177	389	6	2	25	140	139	32	115	48	15	26	14	39	32	18	39	50	14	589	15	115	36	38	410	55	382	429	80	55	133
GTEX.1C64O.0326	854	336	34	19	19	119	283	41	8	45	393	81	59	239	31	23	44	47	134	16	53	42	124	59	198	196	103	74	24	219	202	522
GTEX.1C6VQ.0326	21	34	6	39	89	1907	15	59	48	1	5	229	71	1240	294	172	21	174	332	97	5	258	335	476	53	0	127	1	26	204	368	355
GTEX.1C6VR.2526	291	215	5	54	12	31	19	76	498	249	86	29	32	10	534	19	941	22	2	1	17	5	13	137	386	261	74	333	48	19	4	54
GTEX.1C6VS.0126	185	196	25	329	36	377	267	123	273	35	178	237	130	706	333	70	204	267	498	109	25	141	219	453	162	6	804	64	25	397	454	488
GTEX.1C6WA.0326	98	248	18	133	110	126	328	45	193	392	69	134	25	3	72	223	645	258	49	275	236	75	91	338	961	516	197	1042	22	636	4	746
GTEX.1CAMQ.0326	162	159	31	1049	105	77	1634	309	115	187	346	537	834	682	82	58	119	65	813	18	169	43	357	164	191	46	94	383	1032	862	265	586
GTEX.1CAMR.1726	502	225	34	7	41	145	354	132	99	93	303	124	13	60	135	72	253	13	107	0	95	82	71	160	971	82	33	106	13	280	50	1135
GTEX.1CAMS.0126	425	1079	90	3	163	210	310	13	542	237	185	274	269	147	358	153	315	264	58	85	78	50	59	763	2719	132	225	438	252	569	3	1638
GTEX.1CAV2.2426	47	279	36	370	108	122	49	167	764	535	6	166	215	19	305	147	716	173	21	85	94	30	43	476	595	148	285	325	221	252	30	284
GTEX.1CB4E.2126	425	269	56	97	14	57	100	68	177	125	184	59	664	149	107	14	246	31	51	12	18	7	79	141	190	341	117	170	127	108	62	266
GTEX.1CB4F.0326	234	214	30	195	40	91	327	123	229	116	152	124	309	197	125	85	155	92	100	32	361	24	63	161	203	112	149	490	64	381	824	288
GTEX.1CB4G.0426	297	281	22	88	19	139	294	98	286	757	172	159	284	103	172	27	407	44	61	42	399	40	216	306	426	382	72	845	453	329	312	359
GTEX.1CB4H.0426	1	5	37	26	52	915	0	132	0	9	0	13	5	96	26	414	1	662	60	310	0	1939	2	3	0	4	109	0	0	2	6	0
GTEX.1CB4I.0326	284	197	143	584	38	100	470	517	103	79	717	157	702	700	96	124	6	87	264	22	71	50	210	116	11	95	140	171	1094	191	760	86
GTEX.1CB4J.1226	32	74	31	118	336	3408	2	252	291	80	6	398	208	589	963	320	169	632	163	417	1	974	75	1216	156	2	643	1	3	213	21	452
GTEX.1E1VI.0426	542	419	13	76	2	14	73	58	21	146	345	22	259	9	25	30	325	28	11	21	180	10	24	31	465	1060	176	2606	70	89	6	232
GTEX.1E2YA.0526	146	112	17	108	118	277	139	36	81	90	85	150	240	431	192	86	277	173	57	153	54	41	45	179	231	30	237	141	28	348	452	1024
GTEX.1EH9U.0326	629	69	22	76	106	268	217	246	19	7	502	86	257	841	305	112	75	178	199	58	2	181	80	29	11	13	91	305	187	38	173	191
GTEX.1EMGI.0326	291	350	149	2411	34	104	493	421	435	447	621	319	1089	168	374	142	301	79	254	12	162	71	262	271	75	430	257	1404	1806	413	420	95
GTEX.1EN7A.0326	407	196	6	710	9	23	284	152	86	216	522	41	315	75	30	20	63	42	59	38	276	23	59	122	111	179	105	137	116	226	20	189
GTEX.1EU9M.0126	131	321	27	830	53	153	256	71	1324	111	139	208	127	202	212	68	113	125	265	76	110	35	88	1262	324	11	619	67	163	660	421	523
GTEX.1EWIQ.0626	152	149	11	88	27	73	36	262	25	269	73	133	1084	129	154	35	71	92	22	67	61	33	76	87	156	164	161	97	230	120	17	186
GTEX.1EX96.1526	35	175	16	8	196	390	1	30	1157	403	1	129	28	47	1060	286	2978	436	2	440	10	76	17	672	524	57	234	5	0	74	32	241
GTEX.1F48J.0526	0	11	9	4	61	1532	1	13	10	0	0	88	3	548	110	107	0	241	76	181	0	645	8	40	2	0	329	0	0	20	110	56
GTEX.1F52S.0826	123	169	31	19	6	855	61	41	98	0	83	19	15	265	1763	79	23	132	109	43	1	119	66	49	25	9	406	61	470	28	72	230
GTEX.1F5PK.2626	377	49	39	167	923	1373	169	87	19	30	385	467	272	1340	536	772	98	526	681	87	1	1032	217	79	11	5	88	18	3	154	28	704
GTEX.1F5PL.0426	885	708	113	15	119	252	117	73	630	260	211	287	298	136	572	105	956	358	43	122	58	36	61	938	1108	275	520	386	318	543	26	929
GTEX.1F6I4.0326	179	436	135	70	8	24	332	41	94	121	113	40	5	4	69	53	602	40	9	4	98	12	12	164	1743	379	105	614	56	151	9	394
GTEX.1F6IF.0226	579	442	46	42	38	610	12	77	966	604	63	153	79	23	1126	351	530	45	48	3	30	160	179	1011	403	156	43	24	77	135	2	346
GTEX.1F75A.0626	278	310	27	7	8	92	1	66	619	840	18	42	52	12	336	15	1127	13	3	3	59	7	24	258	880	353	25	5	8	51	25	227
GTEX.1F75B.0526	117	172	14	95	15	1072	321	16	76	5	109	63	4	314	696	98	174	88	447	25	3	171	70	337	310	11	179	10	4	180	88	873
GTEX.1F75I.0526	427	442	22	15	8	108	34	7	706	240	41	26	52	16	354	33	1339	17	2	1	148	14	33	367	1842	382	70	158	22	78	175	656
GTEX.1F75W.0326	21	74	7	1239	170	134	18	968	107	94	75	244	1344	466	85	88	24	190	117	153	133	79	46	132	15	5	247	2	40	262	141	166
GTEX.1F7RK.0326	494	282	54	8	101	294	33	131	269	305	66	172	166	24	736	137	619	147	13	51	11	61	219	524	672	486	54	183	288	53	3	403
GTEX.1F88E.1826	0	18	19	9	64	1159	15	70	0	0	0	124	3	521	27	412	0	659	2312	397	1	1828	252	37	2	1	287	0	3	85	10	44
GTEX.1F88F.2526	152	200	10	3	29	153	0	49	1144	87	11	65	31	23	612	101	903	171	1	202	2	13	24	525	306	37	192	10	3	11	23	172
GTEX.1FIGZ.1726	441	402	31	1	296	49	193	42	306	518	86	194	25	18	138	38	1148	103	14	12	370	18	29	220	1264	951	72	1077	133	303	73	458
GTEX.1GF9U.2326	359	398	76	108	21	109	469	65	227	104	182	117	133	86	371	59	285	188	195	128	8	44	239	383	385	156	269	261	1141	262	83	248
GTEX.1GF9V.0126	442	656	121	87	24	181	24	98	1250	853	96	95	42	53	746	173	1391	66	30	23	48	33	100	928	1188	698	160	10	244	118	6	202
GTEX.1GF9W.0526	711	437	19	6	25	104	43	17	70	256	128	34	11	0	252	44	683	37	2	11	34	22	15	88	1666	685	82	153	4	90	16	865
GTEX.1GF9X.2126	175	351	87	51	5	27	229	49	113	132	113	10	33	16	77	26	401	40	19	7	95	13	7	59	387	506	145	578	33	87	261	268
GTEX.1GMR2.2126	209	344	77	259	379	134	763	146	22	103	256	663	102	154	46	112	55	190	274	107	113	63	145	366	208	34	194	108	146	1441	66	657
GTEX.1GMR3.2126	417	255	23	227	52	16	936	37	30	33	1327	56	207	71	34	134	139	180	72	77	87	14	15	33	350	236	191	767	105	187	22	547
GTEX.1GMR8.0326	147	221	69	1102	129	169	117	310	297	25	171	196	29	535	105	138	17	439	411	285	150	55	25	306	114	3	647	16	99	409	179	583
GTEX.1GMRU.0326	122	325	12	56	62	172	13	8	945	222	26	52	61	21	490	40	834	83	3	60	54	21	5	540	1498	36	180	22	1	104	18	523
GTEX.1GN1U.2226	232	333	32	11	39	97	179	123	158	48	114	64	11	14	275	45	1361	43	60	7	9	29	6	203	1563	79	104	166	0	165	9	1398
GTEX.1GN1V.0326	313	339	14	26	15	292	15	49	759	206	78	101	73	60	991	97	1670	271	4	205	13	22	56	824	583	100	680	58	3	93	225	274
GTEX.1GN1W.0726	460	299	40	0	85	174	180	124	38	60	195	125	88	97	186	136	53	214	64	210	49	30	143	242	257	61	102	41	7	256	74	849
GTEX.1GN2E.0726	541	672	45	8	39	129	15	57	1052	613	71	204	32	21	478	127	1439	210	8	111	213	35	90	692	1986	902	341	131	70	119	5	368
GTEX.1GN73.0126	440	596	38	126	104	169	590	131	277	492	210	237	132	72	251	96	567	44	74	1	931	62	104	232	472	925	60	1327	122	487	709	434
GTEX.1GPI6.0326	350	428	47	263	80	240	2	292	1446	560	22	62	658	68	599	101	274	288	27	369	165	60	62	333	140	78	635	59	45	80	53	210
GTEX.1GPI7.0426	397	271	92	26	29	34	2471	137	11	71	549	86	33	98	18	33	50	77	288	38	343	33	53	53	332	201	141	292	202	558	292	626
GTEX.1GTWX.0326	306	198	21	229	55	145	98	91	75	370	224	286	385	247	86	27	143	32	85	2	130	56	220	307	216	156	102	170	70	373	107	485
GTEX.1GZ2Q.0426	52	128	57	3	128	1193	24	120	276	84	3	642	26	179	775	85	21	219	152	114	304	176	1887	2197	87	2	345	1	211	889	109	508
GTEX.1GZ4H.1626	243	222	102	100	92	158	334	153	320	72	425	123	117	373	178	142	44	174	150	54	142	47	179	412	125	21	314	101	609	297	190	214
GTEX.1GZ4I.0526	89	182	15	554	113	220	318	129	524	188	21	180	211	240	749	54	191	115	33	45	142	34	9	405	425	1	183	92	28	415	309	814
GTEX.1GZHY.0126	172	403	36	7	4	33	8	44	271	450	51	28	24	9	159	58	1542	37	1	25	104	4	3	237	851	545	160	390	4	43	118	295
GTEX.1H11D.0326	432	582	183	439	20	548	58	323	3256	529	241	196	860	619	1538	106	1191	171	105	55	43	75	151	2592	603	131	549	111	75	243	181	480
GTEX.1H1CY.2726	242	390	71	32	79	230	26	116	418	577	33	161	158	37	800	234	1006	216	16	159	36	60	101	445	681	624	137	267	334	110	70	180
GTEX.1H1DE.1726	484	653	77	22	19	116	402	72	276	316	100	86	64	26	326	30	332	16	21	3	164	19	227	650	1398	350	80	601	717	379	6	752
GTEX.1H1DG.0326	363	300	21	48	36	207	9	59	203	51	46	71	43	161	320	68	265	90	31	32	201	37	14	118	1016	68	236	193	2	189	70	1374
GTEX.1H1E6.2126	785	347	32	0	66	81	29	39	63	340	92	98	83	72	147	62	158	27	16	6	170	11	122	207	556	126	22	22	70	208	31	661
GTEX.1H1ZS.0626	289	235	14	13	87	572	3	42	245	53	37	74	76	148	1603	53	578	139	19	94	3	36	18	418	747	3	247	1	0	61	10	943
GTEX.1H23P.0526	7	44	8	3	130	1262	101	51	65	11	0	325	42	320	618	137	33	131	80	133	1	178	210	604	18	0	95	2	3	112	21	327
GTEX.1H2FU.0526	1	25	27	44	672	1883	38	117	274	4	1	742	9	615	456	257	4	200	675	81	1	480	131	575	23	0	98	0	38	113	255	126
GTEX.1H3NZ.0326	169	82	27	59	86	754	24	224	11	14	122	188	1065	2157	372	58	21	142	150	51	0	145	57	51	10	5	194	16	9	44	21	220
GTEX.1H3O1.0626	31	141	10	173	185	559	44	110	317	54	24	490	116	260	198	51	47	51	103	8	421	103	79	552	635	2	55	40	0	724	102	1490
GTEX.1H3VE.0126	189	108	23	274	231	1129	198	50	1053	119	87	400	52	526	488	124	71	327	347	214	190	182	308	2028	128	5	510	5	15	486	210	614
GTEX.1H3VY.0326	597	336	23	11	3	56	169	4	92	107	152	38	7	11	183	8	469	4	32	8	198	8	37	106	954	368	35	307	225	199	51	644
GTEX.1H4P4.0626	156	504	91	1	68	208	13	58	1896	759	3	163	13	9	508	102	1744	69	6	7	91	27	67	1381	1373	254	154	49	127	123	95	259
GTEX.1HB9E.0326	76	68	17	51	373	1337	47	152	8	36	76	374	540	793	341	180	43	478	79	395	0	426	84	126	32	14	315	35	0	75	82	409
GTEX.1HBPH.0826	87	156	54	1	71	250	4	106	52	123	0	854	19	23	215	47	101	78	40	34	21	240	2786	954	83	28	105	0	170	110	14	73
GTEX.1HBPI.0226	220	506	36	11	25	84	42	47	180	553	70	46	20	4	440	69	2785	121	5	98	75	6	22	268	1648	430	252	400	0	49	50	367
GTEX.1HBPM.0426	788	223	27	4	2	835	2	161	98	54	84	65	222	403	1296	39	55	17	28	0	14	101	309	454	42	5	35	0	68	32	21	362
GTEX.1HBPN.0526	239	144	80	12	173	193	326	75	111	45	121	192	31	154	125	352	32	139	122	149	55	35	199	373	293	16	79	95	326	363	66	838
GTEX.1HC8U.2626	4	22	115	19	481	349	4	564	0	412	2	1109	43	93	2	378	0	701	460	174	1	1452	1921	114	1	52	303	0	10	240	5	10
GTEX.1HCU6.0526	619	282	10	41	20	20	101	136	52	220	155	58	102	64	41	55	136	39	22	11	642	12	49	56	294	189	52	319	241	205	176	202
GTEX.1HCU7.0426	243	93	21	19	21	511	43	105	62	29	171	99	170	340	658	52	51	62	107	21	2	53	225	412	22	2	71	14	192	65	23	96
GTEX.1HCU9.1926	29	142	28	197	45	5	241	167	25	24	87	330	19	67	2	69	9	106	1015	39	323	21	616	58	27	17	101	49	185	901	76	29
GTEX.1HCUA.2326	582	356	141	9	46	50	658	89	98	360	263	95	76	66	105	59	428	45	93	24	644	32	89	117	1258	611	133	622	292	594	158	545
GTEX.1HCVE.0326	154	200	28	275	82	226	485	44	104	194	171	179	46	59	228	83	220	173	177	157	61	58	57	349	550	26	239	65	48	580	23	579
GTEX.1HFI6.0426	371	170	12	11	19	55	74	27	282	51	34	23	7	11	295	115	1285	207	4	173	51	9	8	115	881	115	272	294	20	68	4	455
GTEX.1HFI7.1926	420	153	39	0	9	161	40	8	37	86	47	59	62	33	402	6	181	10	24	0	11	23	38	180	399	52	40	30	22	65	3	468
GTEX.1HGF4.2626	204	411	41	73	103	429	14	259	758	607	24	290	2015	272	674	102	420	157	36	73	48	65	104	871	361	153	275	57	282	212	78	433
GTEX.1HKZK.0226	552	259	21	1	9	125	10	20	363	211	31	35	21	17	661	17	1242	13	4	5	2	7	15	230	845	207	47	12	12	64	7	474
GTEX.1HR9M.0326	449	518	124	129	64	284	6	77	832	141	58	87	62	100	799	219	787	155	160	56	105	29	91	511	1621	89	251	242	78	149	136	860
GTEX.1HSEH.0326	565	304	13	8	38	41	256	27	134	248	142	97	13	22	128	16	571	26	25	30	518	16	64	136	1127	527	51	279	40	341	38	583
GTEX.1HSGN.0326	443	128	19	69	104	61	412	104	127	208	545	240	35	158	44	29	95	24	215	2	201	28	163	286	482	117	59	59	64	408	252	355
GTEX.1HSKV.0126	534	464	24	0	14	148	4	91	493	624	13	65	59	10	602	122	1423	47	4	7	61	34	47	430	1462	738	80	135	75	60	9	329
GTEX.1HSMO.0526	7	18	30	63	538	1893	0	573	67	11	3	562	29	93	380	395	4	411	60	400	1	658	222	725	16	0	168	0	10	109	1	90
GTEX.1HSMP.0326	737	157	29	114	119	600	516	79	81	34	657	363	286	1939	454	115	44	67	374	11	11	199	410	267	59	3	57	22	199	353	174	790
GTEX.1HSMQ.1326	1147	347	24	11	48	36	316	35	256	126	283	59	38	26	61	76	444	122	28	48	214	13	28	82	510	1215	155	1051	63	178	74	572
GTEX.1HT8W.0326	152	317	55	0	34	218	1	61	304	390	4	62	16	17	1017	46	1624	119	3	150	5	29	30	324	890	161	210	2	11	31	1	180
GTEX.1HUB1.0526	383	277	147	96	52	90	263	79	206	133	259	164	415	152	179	84	284	59	132	24	278	50	83	191	243	293	88	444	311	325	256	418
GTEX.1I19N.2026	470	166	59	257	58	210	23	275	71	92	145	59	427	439	635	108	347	214	92	318	19	61	35	73	133	106	296	91	14	84	322	297
GTEX.1I1GP.2126	393	735	76	37	15	16	161	205	47	484	194	52	82	7	9	70	294	96	11	132	769	11	27	52	973	2003	364	3321	155	266	0	367
GTEX.1I1GQ.0326	189	367	47	274	93	128	28	313	41	504	192	149	1030	95	188	60	424	34	39	0	215	29	35	104	859	472	43	225	3	243	24	644
GTEX.1I1GR.0326	193	460	35	12	5	54	12	84	269	704	96	22	77	9	199	31	684	42	2	30	475	9	14	127	951	1277	113	400	16	61	6	255
GTEX.1I1GS.0326	24	54	21	17	409	2689	22	180	139	60	19	521	540	811	784	249	92	279	328	137	0	482	158	1068	100	0	191	0	1	325	24	843
GTEX.1I1GT.0726	574	244	45	27	78	94	266	109	50	79	202	127	370	392	100	111	116	148	84	102	145	31	71	104	296	270	128	331	216	279	473	499
GTEX.1I1GU.2126	712	687	59	1	76	92	135	41	23	649	109	98	78	25	130	68	515	46	26	5	123	32	50	124	2552	366	50	84	4	344	0	1806
GTEX.1I1GV.0126	473	729	43	9	10	90	7	53	115	813	62	38	51	5	219	68	551	145	8	180	596	7	42	198	1622	1530	317	196	28	137	14	405
GTEX.1I1HK.0326	188	447	57	115	63	263	15	282	1175	1027	81	172	257	45	529	116	451	236	11	226	181	42	63	924	231	392	346	60	272	177	93	93
GTEX.1I4MK.2326	200	283	78	71	67	26	1099	27	15	25	262	101	17	45	59	39	57	78	129	57	210	24	24	32	298	226	226	569	72	509	161	529
GTEX.1I6K6.0326	698	272	16	2	18	49	92	41	178	136	212	59	6	42	159	28	151	10	36	3	79	10	92	191	316	153	16	196	96	120	60	311
GTEX.1I6K7.0326	347	345	34	87	123	126	35	69	389	432	208	155	211	48	343	77	358	32	11	12	24	31	26	605	683	103	110	76	72	168	9	377
GTEX.1ICG6.2726	68	436	491	444	429	85	434	1227	66	59	118	484	387	469	113	258	53	73	848	12	81	125	244	132	225	117	137	207	1382	677	147	232
GTEX.1ICLY.0326	169	165	16	59	224	244	100	95	202	67	180	103	101	141	287	140	132	320	53	252	51	34	37	310	356	45	259	84	11	159	294	398
GTEX.1ICLZ.0626	7	18	23	61	181	834	7	307	0	11	14	825	30	377	21	279	0	314	784	210	14	1413	1769	175	5	0	104	0	6	221	16	97
GTEX.1IDFM.1526	4	78	47	0	58	497	72	87	0	0	2	361	7	105	13	333	0	82	1345	11	173	611	1527	134	9	0	58	0	22	3034	1	633
GTEX.1IDJC.2026	599	343	50	93	150	177	305	219	123	236	245	215	598	195	285	467	308	340	46	303	158	40	103	347	337	323	285	619	333	612	328	832
GTEX.1IDJD.1326	509	201	26	17	57	67	611	106	422	161	181	134	308	205	168	45	133	106	47	61	191	18	101	536	476	127	229	704	313	489	29	835
GTEX.1IDJE.2426	4	22	12	0	34	74	6	22	0	2	1	331	0	20	0	92	0	63	756	13	26	129	2128	115	1	0	9	0	5	126	70	22
GTEX.1IDJF.0326	361	166	12	5	26	52	316	13	87	20	156	55	38	97	60	25	42	26	91	6	103	13	48	103	511	45	34	74	174	276	136	804
GTEX.1IDJH.0226	249	350	76	358	47	199	70	513	161	241	164	209	212	150	132	61	133	33	87	2	715	86	104	326	237	196	79	150	49	386	597	363
GTEX.1IDJU.2426	988	438	146	58	78	213	447	121	578	192	571	216	258	382	370	51	231	81	379	53	182	49	307	357	324	159	221	178	760	376	427	614
GTEX.1IDJV.0426	262	706	2054	110	446	172	56	363	532	419	142	249	173	48	872	430	2284	949	21	637	38	22	77	505	1207	495	497	356	36	129	28	356
GTEX.1IE54.0326	801	293	40	2	29	73	83	66	60	124	143	43	59	42	212	52	430	93	15	76	202	20	47	63	378	632	69	475	82	105	288	321
GTEX.1IGQW.0526	15	84	30	41	52	3702	1	305	458	72	2	145	135	230	2152	273	63	373	61	261	4	1021	111	850	46	0	277	0	6	72	2	176
GTEX.1IKJJ.0326	147	232	53	87	34	59	39	255	41	172	35	84	256	55	44	72	20	25	10	5	969	24	84	65	28	118	26	148	789	270	537	70
GTEX.1IKK5.0426	185	100	36	1454	286	181	287	388	77	114	441	495	857	566	200	102	33	235	174	199	11	58	167	295	24	6	421	143	198	327	57	178
GTEX.1IKOH.0126	545	581	112	17	16	266	231	57	209	264	210	75	25	33	332	192	274	155	47	95	306	113	111	359	975	288	198	280	75	249	45	787
GTEX.1IL2U.0726	64	78	49	69	163	1121	6	208	59	109	20	322	1162	795	284	90	151	302	49	86	6	260	84	299	68	12	305	4	1	214	174	677
GTEX.1IL2V.0526	123	189	46	640	139	203	94	590	205	315	150	298	1122	595	87	106	250	123	146	76	323	91	66	252	554	102	153	183	88	480	616	566
GTEX.1IOXB.0326	192	249	11	2	50	194	49	10	153	128	20	153	10	12	298	43	243	75	22	97	62	32	153	582	1089	94	105	110	300	254	33	665
GTEX.1IY9M.0326	159	199	53	194	56	145	82	597	171	511	123	220	439	111	96	198	69	126	99	67	245	85	249	280	6	284	135	99	1178	298	606	7
GTEX.1J1OQ.0426	24	31	6	1172	123	932	79	29	27	5	94	151	15	211	373	201	16	772	812	765	9	688	21	119	12	0	605	12	6	372	32	482
GTEX.1J1R8.2326	167	260	20	10	105	43	1223	20	19	27	239	145	9	28	26	93	34	164	116	207	215	16	83	87	171	141	154	742	217	534	166	498
GTEX.1J8EW.0326	111	209	269	34	90	364	56	231	192	125	68	220	75	74	371	184	91	272	26	281	50	61	95	590	513	22	257	26	53	257	56	649
GTEX.1J8JJ.0126	377	366	92	1245	48	43	341	300	198	155	620	164	229	120	118	72	80	104	113	56	245	35	46	120	68	216	210	490	269	183	217	79
GTEX.1J8Q2.0126	174	386	30	186	42	316	20	202	2775	919	51	126	186	141	808	46	376	26	56	5	1659	52	32	649	777	45	85	33	204	519	195	729
GTEX.1J8Q3.1426	952	636	58	31	72	188	837	28	112	177	393	209	389	333	258	111	289	151	242	115	107	36	74	216	411	132	215	188	77	608	151	1367
GTEX.1J8QM.2226	473	84	36	247	235	138	545	115	29	55	892	191	375	696	168	56	84	92	378	46	32	112	71	91	167	22	131	225	111	356	100	506
GTEX.1JJ6O.0926	24	74	11	122	35	536	23	460	164	20	55	265	346	1234	90	67	8	76	116	20	106	114	105	373	12	0	95	2	8	315	526	121
GTEX.1JJEA.0126	372	388	29	937	99	275	24	624	1322	405	111	508	441	307	510	113	52	90	126	25	14	83	293	1745	23	42	174	7	273	281	177	55
GTEX.1JK1U.2226	624	211	35	217	60	86	1040	99	88	64	1024	111	232	196	114	14	71	34	158	22	182	20	61	117	211	31	78	355	56	379	31	650
GTEX.1JKYN.1826	386	804	103	110	209	51	2085	81	46	350	1491	302	13	15	157	39	318	79	224	23	227	50	35	126	499	291	95	1262	110	566	11	369
GTEX.1JKYR.0326	756	546	40	41	54	78	329	47	269	381	468	79	59	29	165	59	1419	55	22	15	177	20	26	179	1465	890	124	716	21	154	59	910
GTEX.1JMLX.0326	47	86	42	3205	76	108	266	796	84	43	274	194	1228	1230	37	67	3	11	420	0	125	74	68	154	4	0	23	5	11	315	104	102
GTEX.1JMPY.1226	716	585	305	68	33	85	1045	79	493	326	583	211	26	44	154	85	253	12	184	3	488	51	172	303	886	416	44	665	1213	570	104	717
GTEX.1JMPZ.0126	146	115	120	52	182	747	162	183	37	17	119	279	122	1257	208	477	15	31	1399	1	17	383	587	238	105	4	28	11	102	641	15	1005
GTEX.1JMQI.2126	128	235	29	337	91	187	62	126	533	123	188	204	59	115	130	17	160	35	55	27	192	29	40	827	299	17	127	42	0	421	253	443
GTEX.1JMQJ.0126	156	1220	94	144	219	276	46	88	752	750	23	203	61	20	272	234	2465	317	15	181	281	69	8	596	4273	1093	467	186	11	430	113	864
GTEX.1JMQK.0326	24	80	10	375	112	507	135	215	88	12	69	184	288	1593	110	210	11	136	179	115	72	124	28	270	29	0	163	29	16	344	153	553
GTEX.1JMQL.0126	165	283	39	250	90	631	445	188	783	40	103	190	103	848	380	280	145	454	172	117	372	135	47	721	417	16	411	185	110	769	260	1888
GTEX.1JN1M.0526	126	49	15	33	20	642	24	170	11	19	275	93	358	2346	334	97	26	131	184	83	0	235	67	41	1	0	167	1	13	30	145	26
GTEX.1JN6P.0526	85	368	357	182	13	13	476	363	153	374	138	44	63	4	56	66	463	144	54	142	870	10	7	38	367	1074	229	1791	288	195	95	141
GTEX.1JN76.0326	416	192	41	63	15	24	333	102	36	162	647	56	94	56	135	6	116	9	26	6	50	6	10	53	48	50	20	294	32	98	115	227
GTEX.1K2DA.2226	678	420	103	136	283	206	310	341	308	324	491	209	388	232	433	260	324	227	72	161	172	72	100	284	575	203	267	769	793	429	190	670
GTEX.1K2DU.2526	240	259	65	251	427	612	148	283	206	117	246	545	440	518	558	219	51	150	221	77	28	75	901	1324	208	9	76	10	197	656	7	873
GTEX.1K9T9.0326	505	421	259	10	18	84	20	369	757	630	50	71	518	44	289	63	489	91	23	30	73	27	88	257	283	527	168	78	976	33	165	69
GTEX.1KAFJ.2326	427	223	196	458	555	168	2617	776	26	130	1098	319	116	371	45	229	25	422	643	386	146	124	269	202	179	66	301	153	86	552	149	664
GTEX.1KANA.0926	166	213	28	46	66	59	885	135	337	129	332	178	31	106	72	39	72	29	86	20	369	40	68	328	225	83	81	232	114	413	330	430
GTEX.1KANB.0126	129	115	81	102	75	611	65	124	283	128	168	146	107	113	177	256	15	519	106	303	94	411	451	982	32	13	442	7	92	329	28	351
GTEX.1KANC.1626	531	162	14	52	39	87	114	114	686	597	236	144	194	103	422	57	325	43	20	28	171	26	50	319	233	17	57	153	75	159	74	502
GTEX.1KD4Q.0326	236	509	416	1	87	607	26	258	283	1247	19	196	44	21	1235	94	2370	97	8	81	253	60	156	1090	523	630	135	506	48	143	1897	443
GTEX.1KD5A.0726	39	331	31	549	186	548	17	513	379	624	13	336	1977	382	1003	125	384	148	22	81	13	130	11	693	145	17	175	36	10	184	25	343
GTEX.1KWVE.0926	311	464	51	264	25	34	779	466	210	485	423	128	360	58	28	131	104	74	68	10	2822	34	42	145	213	336	104	869	102	611	544	410
GTEX.1KXAM.2426	605	920	99	347	187	171	592	239	399	419	277	413	555	435	497	39	985	140	99	104	88	52	64	618	1157	199	170	378	125	648	116	1107
GTEX.1L5NE.2226	181	150	37	908	29	37	1523	238	12	19	1081	118	60	157	31	50	29	47	362	18	50	17	25	39	50	27	89	395	33	248	92	303
GTEX.1LB8K.0126	295	380	58	682	38	79	120	725	473	1393	370	163	1994	195	130	95	448	97	29	59	916	11	54	380	301	479	116	556	87	254	502	305
GTEX.1LBAC.0326	134	145	21	477	31	42	133	610	64	180	243	79	102	97	36	22	9	43	122	14	383	17	124	65	21	64	57	10	65	92	252	31
GTEX.1LC47.0626	30	57	102	592	1252	1143	65	489	302	91	53	960	948	1434	565	322	51	449	290	206	33	504	444	794	12	2	356	17	48	244	141	114
GTEX.1LG7Y.0126	411	496	74	70	84	108	7	156	869	761	48	130	294	64	409	107	530	170	29	87	308	10	40	372	147	401	87	37	24	104	94	133
GTEX.1LG7Z.2126	566	293	48	55	82	32	63	200	244	155	267	92	237	92	123	206	281	286	11	223	31	18	18	206	527	160	139	46	210	129	19	301
GTEX.1LGRB.2626	295	205	74	437	194	347	324	428	480	176	405	777	541	1544	204	79	59	74	562	52	78	89	378	1349	44	3	122	8	152	954	265	385
GTEX.1LH75.2626	547	308	32	207	384	288	196	215	89	276	443	532	1360	970	142	50	88	125	167	52	54	78	126	345	201	107	150	34	46	616	110	1298
GTEX.1LNCM.1226	263	325	92	954	96	49	1006	195	210	61	436	135	133	302	90	101	166	151	616	100	175	46	55	167	226	220	167	222	261	475	221	284
GTEX.1LSNL.0126	225	194	32	88	18	478	20	76	487	129	79	37	112	49	717	139	408	349	5	208	14	334	14	229	284	109	208	164	10	36	34	227
GTEX.1LSNM.2326	477	206	83	3	100	278	78	68	59	28	306	246	16	294	55	366	1	267	584	91	309	116	1636	494	55	7	94	0	84	547	110	510
GTEX.1LVA9.0326	78	313	30	1713	16	37	1318	165	0	35	219	146	25	30	12	31	36	60	154	30	358	24	118	64	182	199	159	997	88	476	357	339
GTEX.1LVAM.0326	529	252	41	220	5	25	551	97	90	89	512	132	145	72	81	10	55	5	298	1	22	18	225	60	13	238	18	1002	1893	217	55	39
GTEX.1LVAN.0526	974	179	66	115	563	134	2084	288	11	41	2913	665	402	1224	84	168	14	59	1618	4	40	176	613	167	39	113	83	93	303	562	49	809
GTEX.1LVAO.0526	7	3	36	1	435	624	0	7	0	0	4	122	2	68	45	492	0	595	73	437	0	1897	53	5	0	0	48	0	0	3	3	2
GTEX.1M4P7.0126	4	40	21	36	226	33	97	153	4	23	1	1425	5	11	1	332	0	303	885	219	280	183	1958	285	3	1	146	0	19	2563	23	27
GTEX.1M5QR.1326	464	448	70	781	335	136	449	322	189	427	336	771	612	454	148	129	333	378	225	575	900	39	242	608	463	447	685	582	242	998	827	562
GTEX.1MA7W.1826	403	352	731	24	274	75	1165	227	307	79	331	439	113	151	121	96	148	64	781	55	177	53	298	228	445	191	85	844	2845	693	182	497
GTEX.1MCC2.2726	540	234	39	35	178	360	73	175	174	133	72	298	948	709	666	53	262	154	100	208	4	66	159	442	349	30	246	37	386	374	38	1055
GTEX.1MCQQ.0626	96	120	7	1243	89	182	21	577	483	394	57	245	820	276	428	63	74	35	48	20	133	100	15	306	51	11	114	14	221	346	127	183
GTEX.1MCYP.2026	761	859	185	20	130	192	245	50	553	214	261	196	160	227	547	131	180	30	104	1	386	49	125	707	1199	184	103	137	668	642	111	1047
GTEX.1MJIX.2126	175	151	15	213	24	82	728	95	502	44	241	57	52	133	119	47	33	23	144	9	159	44	30	253	38	75	96	262	187	247	234	246
GTEX.1MJK3.1426	319	175	35	21	15	227	115	88	185	56	97	98	161	239	213	31	148	93	67	47	75	35	187	246	373	42	162	74	20	225	487	700
GTEX.1MUQO.0226	799	286	108	321	86	122	3074	94	26	208	2052	124	158	289	158	77	137	59	466	14	279	53	165	41	81	340	131	788	157	228	1038	351
GTEX.1N2DV.0526	681	197	28	26	33	152	1185	100	4	7	1189	128	7	301	130	151	31	67	712	13	15	137	262	34	28	70	69	42	64	249	134	641
GTEX.1N2DW.0426	129	293	58	74	181	1033	77	144	1225	167	22	190	120	120	2840	1243	713	1135	28	897	32	246	42	963	467	33	800	270	63	84	217	421
GTEX.1N2EF.0526	58	54	11	25	29	226	1	75	60	198	24	88	92	56	138	37	126	96	4	52	7	118	47	211	31	12	123	3	5	30	54	84
GTEX.1NHNU.1226	628	88	15	16	155	298	245	75	70	34	459	149	141	941	271	101	82	140	213	101	13	118	270	152	21	15	70	39	148	163	430	356
GTEX.1NUQO.0726	358	248	155	80	124	57	166	298	119	184	353	122	412	207	73	65	101	97	64	51	87	23	77	195	521	73	74	106	530	242	77	566
GTEX.1O9I2.0526	160	147	21	7	41	696	3	60	689	336	8	106	180	71	1407	62	413	147	10	58	5	117	135	984	196	30	108	4	150	35	2	135
GTEX.1OFPY.2526	424	214	31	112	95	336	336	61	108	112	258	241	136	496	301	61	300	105	283	58	80	108	232	227	506	67	136	189	131	502	225	1073
GTEX.1P4AB.0326	57	86	83	4	6	113	384	48	7	5	159	103	2	109	13	106	0	206	4520	70	103	282	3027	63	4	0	152	6	100	178	80	189
GTEX.1PBJJ.0326	952	333	57	60	17	62	933	76	16	228	955	99	301	142	113	62	98	108	119	100	285	26	193	91	76	715	239	1129	567	257	335	205
GTEX.1PDJ9.0526	17	71	48	4	123	96	307	171	7	2	27	926	9	40	2	130	0	82	2484	58	166	90	1697	170	16	2	46	10	87	1618	34	184
GTEX.1PIEJ.0326	578	285	4	6	11	68	185	14	109	45	172	55	64	79	272	16	259	58	36	46	42	5	62	166	533	167	125	296	43	162	65	976
GTEX.1PIGE.0226	244	129	43	94	80	96	509	97	66	54	214	244	142	124	147	34	87	14	90	1	49	32	57	225	304	32	25	249	122	444	96	909
GTEX.1PIIG.0126	610	414	28	16	3	47	6	44	90	1037	28	34	56	7	317	7	1470	13	0	15	26	8	42	194	1190	1344	94	399	38	32	5	251
GTEX.1PPGY.0426	164	370	45	91	39	6	515	124	9	100	145	42	18	6	52	52	105	67	8	46	376	7	5	4	197	1103	142	1931	29	188	14	97
GTEX.1PPH7.2526	131	306	249	64	93	115	900	79	154	164	128	548	28	28	120	53	87	25	536	5	336	71	459	662	558	88	34	503	815	1740	30	642
GTEX.1PPH8.0326	517	178	37	0	248	703	121	63	599	135	86	268	75	255	1343	155	223	60	84	5	1	76	191	850	177	3	41	13	370	261	23	832
GTEX.1PWST.0426	7	14	14	24	368	2346	0	164	14	0	0	618	5	289	176	600	1	381	896	90	3	3345	1372	147	3	0	58	0	14	28	16	14
GTEX.1QAET.2026	132	92	23	466	345	249	304	202	188	165	231	575	1015	879	237	137	91	119	196	31	82	81	307	451	213	26	84	222	334	583	179	569
GTEX.1QCLY.0426	640	186	61	9	443	62	290	78	39	144	248	143	92	53	45	88	258	116	31	29	87	35	45	101	529	298	79	297	121	158	89	680
GTEX.1QCLZ.0326	266	113	127	131	98	25	954	133	10	80	318	54	66	25	30	188	15	131	134	165	47	31	49	24	33	62	86	339	317	194	9	90
GTEX.1QEPI.0526	504	144	12	40	5	279	22	62	159	183	133	38	533	227	536	30	231	16	13	4	12	32	11	59	34	69	39	175	10	40	39	290
GTEX.1QMI2.0526	363	112	5	13	6	53	8	75	514	195	91	26	83	22	417	3	533	3	8	0	13	6	20	103	115	163	26	308	63	9	10	74
GTEX.1QP28.0526	386	138	22	49	136	166	37	88	589	69	105	73	107	265	257	548	78	338	40	267	976	30	171	262	85	100	148	135	234	196	379	172
GTEX.1QP2A.0526	369	244	5	372	16	20	72	271	189	447	273	179	480	162	119	5	125	49	65	43	399	15	123	127	57	251	184	212	926	140	411	33
GTEX.1QP66.1626	228	301	21	165	280	562	27	262	304	144	99	506	439	887	638	64	45	74	479	45	126	70	112	1045	363	4	130	1	129	666	178	661
GTEX.1QP67.1826	444	353	212	10	7	61	318	104	77	119	304	24	33	49	157	85	431	20	97	2	113	25	61	75	562	991	28	226	364	101	80	266
GTEX.1QP6S.0426	273	419	173	32	98	477	82	170	193	617	45	289	148	50	1133	90	1211	109	37	43	89	54	253	1465	1737	533	189	157	47	391	33	873
GTEX.1QP9N.1926	544	260	522	11	5	25	64	22	52	259	203	23	29	14	74	15	378	42	5	28	75	6	27	63	369	1168	135	1046	315	96	59	125
GTEX.1QPFJ.0326	569	198	25	145	183	325	257	135	143	65	264	316	136	1006	309	64	80	206	630	112	116	135	205	349	275	7	190	15	145	411	106	791
GTEX.1QW4Y.1726	126	328	59	640	2	10	582	99	4	39	666	26	58	13	6	52	15	103	22	73	165	11	19	15	72	614	355	2720	38	156	28	208
GTEX.1R46S.0326	208	168	108	92	70	169	585	150	86	60	156	204	264	964	180	59	13	125	543	63	344	86	213	168	133	19	194	97	753	616	158	683
GTEX.1R7EU.0626	375	209	44	241	50	84	167	312	15	128	374	45	106	36	53	95	157	53	41	5	77	28	48	33	154	670	149	2142	94	141	307	232
GTEX.1R7EV.2026	145	266	479	120	99	276	288	145	75	93	111	311	28	134	159	43	132	12	346	0	114	73	125	340	440	40	30	75	39	835	110	1005
GTEX.1R9JW.2426	13	35	37	14	1098	971	21	133	6	4	21	859	74	2091	84	192	2	100	939	35	3	940	69	96	1	0	43	2	3	224	118	39
GTEX.1R9K4.0626	148	146	59	24	252	1555	17	358	52	103	30	258	80	442	667	627	96	147	118	9	213	517	276	381	25	18	29	30	15	183	566	243
GTEX.1R9K5.0326	1481	198	44	0	11	73	45	80	1	28	559	38	72	83	87	126	102	116	64	45	1	40	136	22	47	183	77	101	14	25	4	171
GTEX.1R9PM.2226	451	204	113	3	74	154	914	105	96	298	157	244	31	14	387	173	226	320	383	322	59	76	462	275	279	402	102	376	687	400	12	367
GTEX.1R9PN.1826	177	281	42	69	69	14	164	83	79	216	181	47	67	12	35	129	241	145	12	118	103	24	16	24	300	1056	122	560	69	84	16	184
GTEX.1R9PO.2426	28	156	45	1060	381	478	131	206	436	37	23	304	76	325	639	385	152	297	173	412	9	113	16	548	208	2	345	36	18	163	491	565
GTEX.1RAZA.0526	659	182	23	42	185	115	975	17	114	73	176	389	18	49	179	25	403	14	127	8	64	32	90	250	481	115	40	275	23	472	68	991
GTEX.1RAZQ.0426	1166	301	60	69	251	117	316	161	226	379	397	343	451	545	260	77	163	93	239	23	296	54	326	234	164	315	68	414	1205	313	197	242
GTEX.1RAZR.0326	240	129	5	43	31	213	5	86	1583	183	12	32	29	74	1401	35	1285	76	6	51	7	13	60	527	652	66	76	0	8	27	38	176
GTEX.1RB15.2226	157	312	61	196	74	47	284	145	403	203	90	181	39	23	152	159	472	234	152	248	260	45	108	345	367	389	290	462	375	410	233	173
GTEX.1RQED.0426	321	208	188	3	138	100	13	239	951	665	39	120	62	5	1232	126	1418	291	3	285	22	13	62	369	229	139	246	36	164	19	34	70
GTEX.1S5VW.0526	694	434	92	53	16	45	30	138	36	695	161	33	85	18	172	123	532	28	19	23	68	10	34	53	114	1894	17	100	61	40	116	114
GTEX.1S5ZA.0526	723	195	112	25	152	57	144	165	39	98	288	124	351	140	78	81	33	55	56	45	98	26	61	83	58	209	56	131	375	259	131	235
GTEX.1S82P.0326	496	125	3	10	26	118	166	29	79	51	153	32	27	232	183	67	100	56	120	39	42	19	57	99	155	42	49	11	67	123	238	662
GTEX.1S82U.1426	670	184	32	9	41	27	12	64	154	198	167	25	51	24	191	42	404	4	13	0	24	3	14	39	180	589	6	167	78	34	29	108
GTEX.1S83E.2126	172	166	11	90	9	21	499	88	17	66	537	42	54	58	22	32	16	7	85	1	124	14	71	28	31	272	5	381	156	60	154	50
